actual_price,model,predicted_price
825000.0,XGBoost,699510.125
532500.0,XGBoost,467931.84375
435000.0,XGBoost,559790.1875
216000.0,XGBoost,218461.265625
525000.0,XGBoost,575844.9375
1999000.0,XGBoost,1620456.875
525000.0,XGBoost,536165.75
730000.0,XGBoost,626877.25
640000.0,XGBoost,554047.75
770000.0,XGBoost,708264.1875
950000.0,XGBoost,903737.6875
345000.0,XGBoost,314771.15625
836500.0,XGBoost,791764.875
2200000.0,XGBoost,1902771.875
275000.0,XGBoost,209909.6875
284000.0,XGBoost,305961.375
957000.0,XGBoost,766593.625
280000.0,XGBoost,159090.453125
267000.0,XGBoost,257623.953125
319950.0,XGBoost,311965.5625
1500000.0,XGBoost,1417311.5
359500.0,XGBoost,325072.3125
1100000.0,XGBoost,926006.0625
715000.0,XGBoost,735866.8125
175409.0,XGBoost,202891.890625
520000.0,XGBoost,375345.34375
217000.0,XGBoost,194768.9375
307000.0,XGBoost,299994.03125
715000.0,XGBoost,634747.6875
229950.0,XGBoost,258399.984375
585000.0,XGBoost,616215.0
355000.0,XGBoost,367827.59375
529500.0,XGBoost,572872.8125
180000.0,XGBoost,258260.5625
560000.0,XGBoost,598729.75
1050000.0,XGBoost,892822.25
328950.0,XGBoost,338705.1875
140000.0,XGBoost,183625.234375
570000.0,XGBoost,458029.96875
650000.0,XGBoost,618290.6875
345000.0,XGBoost,321836.53125
353000.0,XGBoost,323644.75
950000.0,XGBoost,812065.25
399000.0,XGBoost,403575.625
390000.0,XGBoost,404712.21875
279500.0,XGBoost,269192.59375
245000.0,XGBoost,238848.796875
115000.0,XGBoost,204774.53125
360000.0,XGBoost,389845.8125
640000.0,XGBoost,700794.875
565000.0,XGBoost,532181.0625
2950000.0,XGBoost,2331874.0
775000.0,XGBoost,767363.875
245000.0,XGBoost,264304.09375
250000.0,XGBoost,216699.1875
514000.0,XGBoost,497820.75
566000.0,XGBoost,637098.9375
231200.0,XGBoost,244855.0
180500.0,XGBoost,268298.625
246500.0,XGBoost,257507.984375
815000.0,XGBoost,890834.5625
95000.0,XGBoost,161517.171875
350000.0,XGBoost,375385.40625
698000.0,XGBoost,746081.8125
290000.0,XGBoost,284578.78125
385000.0,XGBoost,418061.625
572000.0,XGBoost,635890.4375
880000.0,XGBoost,884493.125
480000.0,XGBoost,438984.71875
554000.0,XGBoost,532673.125
585000.0,XGBoost,557907.1875
235000.0,XGBoost,295763.90625
750000.0,XGBoost,976148.875
734200.0,XGBoost,744488.3125
554663.0,XGBoost,595209.6875
278000.0,XGBoost,276461.84375
367500.0,XGBoost,376869.375
635000.0,XGBoost,661969.0625
515000.0,XGBoost,587848.4375
625000.0,XGBoost,620673.3125
299950.0,XGBoost,261696.140625
462600.0,XGBoost,480608.625
947500.0,XGBoost,813524.0625
415500.0,XGBoost,377042.65625
394900.0,XGBoost,383622.46875
628000.0,XGBoost,570389.6875
339000.0,XGBoost,386219.28125
327500.0,XGBoost,325313.0
410000.0,XGBoost,355318.6875
507250.0,XGBoost,491126.0
660000.0,XGBoost,533522.6875
279950.0,XGBoost,267863.53125
659000.0,XGBoost,598075.1875
615000.0,XGBoost,512634.25
643500.0,XGBoost,494210.0625
2000000.0,XGBoost,2070016.25
735000.0,XGBoost,700715.3125
450000.0,XGBoost,431579.65625
290000.0,XGBoost,348924.34375
345000.0,XGBoost,351731.78125
448500.0,XGBoost,470924.125
264000.0,XGBoost,271788.6875
435000.0,XGBoost,431380.875
206000.0,XGBoost,216096.984375
436800.0,XGBoost,540485.4375
228500.0,XGBoost,212615.453125
580000.0,XGBoost,501003.15625
365000.0,XGBoost,436418.84375
735000.0,XGBoost,547993.0625
515000.0,XGBoost,457423.65625
643000.0,XGBoost,568999.375
413500.0,XGBoost,353897.96875
834500.0,XGBoost,1185002.125
451000.0,XGBoost,462373.09375
1160000.0,XGBoost,1434903.375
390000.0,XGBoost,367573.6875
416000.0,XGBoost,432877.25
408000.0,XGBoost,386538.0
217500.0,XGBoost,220424.046875
422500.0,XGBoost,459571.46875
480000.0,XGBoost,507001.65625
755000.0,XGBoost,762301.8125
350000.0,XGBoost,373231.15625
1850000.0,XGBoost,1597167.0
935100.0,XGBoost,722506.25
322000.0,XGBoost,308561.375
539500.0,XGBoost,566661.5625
260000.0,XGBoost,200517.390625
616000.0,XGBoost,595323.75
202000.0,XGBoost,159225.078125
230000.0,XGBoost,227327.390625
2000000.0,XGBoost,1645799.625
260000.0,XGBoost,302928.1875
696500.0,XGBoost,705646.875
272000.0,XGBoost,327141.09375
641000.0,XGBoost,638040.1875
222900.0,XGBoost,181003.859375
365000.0,XGBoost,369096.125
753000.0,XGBoost,737254.0625
650000.0,XGBoost,636108.1875
710000.0,XGBoost,697507.6875
493000.0,XGBoost,593847.8125
780000.0,XGBoost,761831.5625
525000.0,XGBoost,589594.0625
244950.0,XGBoost,279438.3125
470000.0,XGBoost,527670.625
240000.0,XGBoost,327479.15625
329000.0,XGBoost,369693.9375
1100000.0,XGBoost,1022555.3125
440000.0,XGBoost,460025.28125
475000.0,XGBoost,327862.5625
385000.0,XGBoost,443685.1875
865000.0,XGBoost,867478.9375
439950.0,XGBoost,455652.9375
335000.0,XGBoost,377492.03125
490000.0,XGBoost,349139.71875
895000.0,XGBoost,1129724.875
500000.0,XGBoost,427223.71875
208950.0,XGBoost,195122.0
395000.0,XGBoost,416592.25
385000.0,XGBoost,374155.5625
235000.0,XGBoost,309452.5625
445000.0,XGBoost,457082.625
913888.0,XGBoost,798130.0
334000.0,XGBoost,320697.96875
379880.0,XGBoost,351610.71875
780000.0,XGBoost,833846.25
427500.0,XGBoost,496414.5625
730000.0,XGBoost,719392.3125
225000.0,XGBoost,334297.21875
575000.0,XGBoost,581400.5625
657000.0,XGBoost,635216.4375
368000.0,XGBoost,371771.40625
460000.0,XGBoost,496400.8125
808000.0,XGBoost,826205.25
539000.0,XGBoost,493848.65625
720000.0,XGBoost,773865.625
900000.0,XGBoost,915419.4375
309950.0,XGBoost,234040.796875
640000.0,XGBoost,657886.4375
333800.0,XGBoost,286095.5625
1328000.0,XGBoost,1310387.75
398000.0,XGBoost,417480.34375
521450.0,XGBoost,480258.5625
525000.0,XGBoost,510698.4375
300000.0,XGBoost,260267.5
559000.0,XGBoost,549005.1875
357000.0,XGBoost,395950.21875
252500.0,XGBoost,251842.15625
355000.0,XGBoost,382603.84375
343000.0,XGBoost,301814.84375
255000.0,XGBoost,349072.78125
465000.0,XGBoost,473052.3125
615000.0,XGBoost,580900.125
229000.0,XGBoost,185726.671875
600000.0,XGBoost,643068.3125
450000.0,XGBoost,494441.0
234000.0,XGBoost,222956.421875
480000.0,XGBoost,453984.28125
672500.0,XGBoost,693139.1875
375000.0,XGBoost,387487.28125
230000.0,XGBoost,246877.828125
575000.0,XGBoost,575749.375
1350000.0,XGBoost,1314827.75
280000.0,XGBoost,304024.21875
530000.0,XGBoost,483796.8125
230000.0,XGBoost,310110.75
385000.0,XGBoost,434536.25
455000.0,XGBoost,458698.375
311000.0,XGBoost,322407.59375
616300.0,XGBoost,651929.375
594000.0,XGBoost,587978.5625
440000.0,XGBoost,470831.1875
425000.0,XGBoost,514398.21875
550000.0,XGBoost,572688.25
835100.0,XGBoost,793179.6875
375000.0,XGBoost,434147.71875
1350000.0,XGBoost,1298885.125
880000.0,XGBoost,1063708.25
415000.0,XGBoost,447914.125
335000.0,XGBoost,405430.78125
308000.0,XGBoost,324840.1875
920000.0,XGBoost,975847.25
453500.0,XGBoost,421171.8125
358000.0,XGBoost,327471.65625
335000.0,XGBoost,357456.125
525000.0,XGBoost,621319.9375
660000.0,XGBoost,596409.75
728000.0,XGBoost,750830.5625
549000.0,XGBoost,567188.1875
481203.0,XGBoost,484637.78125
820000.0,XGBoost,797837.0625
515000.0,XGBoost,476492.0625
550000.0,XGBoost,528256.25
750000.0,XGBoost,736981.3125
445000.0,XGBoost,505444.75
1250000.0,XGBoost,1129327.5
745000.0,XGBoost,633051.9375
2700000.0,XGBoost,2146687.0
928950.0,XGBoost,1011127.1875
675000.0,XGBoost,524839.5625
695000.0,XGBoost,676914.125
2260000.0,XGBoost,1878786.125
578000.0,XGBoost,585379.125
372000.0,XGBoost,380354.4375
275000.0,XGBoost,275678.5625
835000.0,XGBoost,862968.6875
1049000.0,XGBoost,866983.5
545000.0,XGBoost,569352.75
370000.0,XGBoost,359656.90625
385000.0,XGBoost,467110.59375
440000.0,XGBoost,420131.59375
1395000.0,XGBoost,1627883.875
465000.0,XGBoost,456967.09375
799000.0,XGBoost,366240.90625
317500.0,XGBoost,294550.96875
370000.0,XGBoost,377220.34375
2900000.0,XGBoost,2908120.5
156000.0,XGBoost,183563.09375
285000.0,XGBoost,277198.40625
650000.0,XGBoost,609664.6875
634000.0,XGBoost,650986.875
825000.0,XGBoost,404164.53125
479000.0,XGBoost,395243.25
164000.0,XGBoost,187764.9375
555000.0,XGBoost,638476.0
920000.0,XGBoost,796660.0625
1395000.0,XGBoost,1374814.125
240000.0,XGBoost,369376.75
340000.0,XGBoost,318200.15625
465000.0,XGBoost,404605.34375
622500.0,XGBoost,617800.25
708000.0,XGBoost,611284.3125
420000.0,XGBoost,287340.5
225000.0,XGBoost,238053.546875
951000.0,XGBoost,1039490.5625
729032.0,XGBoost,793760.875
880000.0,XGBoost,948613.125
257000.0,XGBoost,285702.6875
270000.0,XGBoost,270878.875
536500.0,XGBoost,552296.8125
905000.0,XGBoost,959719.125
855000.0,XGBoost,846144.25
379950.0,XGBoost,371411.03125
350000.0,XGBoost,376412.46875
880000.0,XGBoost,887643.375
459000.0,XGBoost,412424.5625
562000.0,XGBoost,520832.71875
615000.0,XGBoost,692145.625
315000.0,XGBoost,305302.03125
570000.0,XGBoost,551962.4375
625000.0,XGBoost,663656.8125
135000.0,XGBoost,128345.3203125
199000.0,XGBoost,217718.75
319000.0,XGBoost,263239.78125
502000.0,XGBoost,529216.25
700000.0,XGBoost,674276.3125
599950.0,XGBoost,553070.5625
90000.0,XGBoost,247755.6875
349950.0,XGBoost,338961.09375
646000.0,XGBoost,635312.125
500000.0,XGBoost,603045.3125
295000.0,XGBoost,365560.46875
1375000.0,XGBoost,1299548.0
457000.0,XGBoost,459418.9375
255000.0,XGBoost,272896.9375
380000.0,XGBoost,341134.21875
310000.0,XGBoost,318535.34375
2288000.0,XGBoost,2190927.0
970000.0,XGBoost,1072948.0
790000.0,XGBoost,556178.5625
302500.0,XGBoost,285914.4375
490000.0,XGBoost,554170.3125
699000.0,XGBoost,959405.1875
384000.0,XGBoost,381202.34375
392500.0,XGBoost,387086.53125
1360000.0,XGBoost,1161990.25
277140.0,XGBoost,399546.15625
319000.0,XGBoost,329158.03125
270000.0,XGBoost,228241.0625
265000.0,XGBoost,339056.78125
475000.0,XGBoost,579458.8125
270000.0,XGBoost,287489.90625
479000.0,XGBoost,498880.0625
635000.0,XGBoost,638225.8125
333000.0,XGBoost,360924.4375
1000000.0,XGBoost,999526.375
303000.0,XGBoost,296920.90625
328000.0,XGBoost,318252.34375
550000.0,XGBoost,646134.0
250600.0,XGBoost,267403.84375
400000.0,XGBoost,411054.1875
229000.0,XGBoost,243805.515625
340000.0,XGBoost,304006.53125
380000.0,XGBoost,351603.0
749950.0,XGBoost,661991.1875
225000.0,XGBoost,251241.203125
357500.0,XGBoost,388865.125
770000.0,XGBoost,940583.0625
559900.0,XGBoost,463269.15625
810000.0,XGBoost,903561.0625
255000.0,XGBoost,261106.3125
542000.0,XGBoost,440340.28125
240000.0,XGBoost,315949.5
610000.0,XGBoost,532773.1875
512000.0,XGBoost,443412.78125
294000.0,XGBoost,302595.28125
549000.0,XGBoost,512604.9375
797000.0,XGBoost,825485.375
952000.0,XGBoost,933570.5
265000.0,XGBoost,223329.6875
750000.0,XGBoost,735184.1875
1150000.0,XGBoost,1241660.875
470000.0,XGBoost,408401.75
255000.0,XGBoost,267531.375
420000.0,XGBoost,485955.34375
377500.0,XGBoost,368610.3125
865000.0,XGBoost,783632.375
599995.0,XGBoost,540410.75
775000.0,XGBoost,793952.3125
283748.0,XGBoost,247415.703125
235000.0,XGBoost,222756.21875
677000.0,XGBoost,611042.5
325000.0,XGBoost,295135.5625
950000.0,XGBoost,750253.75
420000.0,XGBoost,384061.0
350000.0,XGBoost,386574.125
433500.0,XGBoost,504863.25
482500.0,XGBoost,508832.15625
715000.0,XGBoost,772287.875
560000.0,XGBoost,559855.25
360000.0,XGBoost,347371.5
1275000.0,XGBoost,1202653.625
250000.0,XGBoost,336101.09375
393000.0,XGBoost,371567.25
277000.0,XGBoost,239796.421875
464600.0,XGBoost,462767.9375
480000.0,XGBoost,455254.1875
300000.0,XGBoost,288022.59375
378000.0,XGBoost,337270.1875
613000.0,XGBoost,468340.84375
422000.0,XGBoost,433127.90625
255000.0,XGBoost,214765.453125
661000.0,XGBoost,543290.0
1940000.0,XGBoost,1720355.875
455000.0,XGBoost,455927.625
240000.0,XGBoost,221345.4375
750000.0,XGBoost,874834.75
615000.0,XGBoost,576923.9375
419500.0,XGBoost,421874.875
931088.0,XGBoost,887988.75
234000.0,XGBoost,257331.0
245000.0,XGBoost,224635.234375
639000.0,XGBoost,569418.9375
500000.0,XGBoost,545823.3125
467100.0,XGBoost,500235.96875
240500.0,XGBoost,249436.828125
1660000.0,XGBoost,1592081.625
325000.0,XGBoost,295005.25
395000.0,XGBoost,440550.3125
235000.0,XGBoost,227579.65625
452000.0,XGBoost,469744.9375
396900.0,XGBoost,392598.125
239900.0,XGBoost,236162.03125
455000.0,XGBoost,447213.6875
260000.0,XGBoost,266115.28125
329950.0,XGBoost,318618.625
311850.0,XGBoost,318463.375
419950.0,XGBoost,360066.3125
1096500.0,XGBoost,1037160.625
535000.0,XGBoost,396684.25
339275.0,XGBoost,359420.3125
399000.0,XGBoost,421654.875
234000.0,XGBoost,246625.09375
1565000.0,XGBoost,1391298.625
230000.0,XGBoost,225824.359375
1600000.0,XGBoost,1582750.125
549995.0,XGBoost,521744.9375
403950.0,XGBoost,449633.28125
533000.0,XGBoost,517353.53125
399000.0,XGBoost,370751.71875
760000.0,XGBoost,769191.125
217000.0,XGBoost,255762.234375
639000.0,XGBoost,546767.875
670000.0,XGBoost,598765.6875
490000.0,XGBoost,446456.0
615000.0,XGBoost,544497.0
264950.0,XGBoost,272926.875
275000.0,XGBoost,278050.9375
382000.0,XGBoost,413165.84375
630000.0,XGBoost,571952.4375
515000.0,XGBoost,451363.0
291970.0,XGBoost,209513.703125
466750.0,XGBoost,453649.75
845000.0,XGBoost,780575.75
290000.0,XGBoost,283584.25
635000.0,XGBoost,550197.625
735000.0,XGBoost,729161.8125
998000.0,XGBoost,910580.0
775000.0,XGBoost,647723.3125
565000.0,XGBoost,687128.875
274950.0,XGBoost,291647.0625
660000.0,XGBoost,568384.3125
575000.0,XGBoost,475690.6875
530000.0,XGBoost,514314.84375
242150.0,XGBoost,241697.4375
692500.0,XGBoost,723853.875
675000.0,XGBoost,677991.75
827500.0,XGBoost,713521.0625
410000.0,XGBoost,403574.46875
230000.0,XGBoost,252924.546875
194250.0,XGBoost,248180.640625
350000.0,XGBoost,345339.4375
365000.0,XGBoost,378137.6875
825000.0,XGBoost,847664.3125
438800.0,XGBoost,463119.34375
506000.0,XGBoost,510775.5
495000.0,XGBoost,546439.5
448500.0,XGBoost,432781.0625
378500.0,XGBoost,459586.78125
213000.0,XGBoost,253765.3125
380000.0,XGBoost,342153.375
199990.0,XGBoost,179510.0
440000.0,XGBoost,494248.21875
675000.0,XGBoost,535241.125
835000.0,XGBoost,713027.875
655000.0,XGBoost,589537.25
118000.0,XGBoost,199117.359375
321000.0,XGBoost,327046.25
727500.0,XGBoost,709471.625
379500.0,XGBoost,371266.53125
232000.0,XGBoost,241583.84375
265000.0,XGBoost,209928.703125
389000.0,XGBoost,373553.03125
289571.0,XGBoost,291930.0625
312500.0,XGBoost,325718.4375
287000.0,XGBoost,265760.71875
571000.0,XGBoost,526898.25
345000.0,XGBoost,433115.5
720500.0,XGBoost,750771.9375
370000.0,XGBoost,496819.96875
507000.0,XGBoost,535732.875
471275.0,XGBoost,445048.0625
550000.0,XGBoost,515377.34375
980000.0,XGBoost,1346787.375
287450.0,XGBoost,264578.0
3200000.0,XGBoost,2242218.5
385000.0,XGBoost,390636.25
529000.0,XGBoost,562333.8125
240000.0,XGBoost,277668.5625
250000.0,XGBoost,243575.921875
475000.0,XGBoost,414579.25
300000.0,XGBoost,314694.625
370000.0,XGBoost,393394.90625
301000.0,XGBoost,331526.78125
480000.0,XGBoost,440141.71875
515000.0,XGBoost,528793.0
290000.0,XGBoost,294397.09375
420000.0,XGBoost,339945.25
253000.0,XGBoost,240780.40625
280000.0,XGBoost,296083.65625
725000.0,XGBoost,720145.3125
1275000.0,XGBoost,1382227.375
339888.0,XGBoost,324852.0
580000.0,XGBoost,614806.875
380000.0,XGBoost,357722.5
1400000.0,XGBoost,1524469.25
288000.0,XGBoost,246527.28125
315000.0,XGBoost,317597.15625
340500.0,XGBoost,415198.875
279950.0,XGBoost,274749.71875
299950.0,XGBoost,341208.0625
940000.0,XGBoost,1052727.125
373000.0,XGBoost,357045.9375
270000.0,XGBoost,317088.71875
300000.0,XGBoost,296357.9375
476800.0,XGBoost,611036.0625
450000.0,XGBoost,408008.59375
659000.0,XGBoost,536259.875
370000.0,XGBoost,376738.90625
1075000.0,XGBoost,846794.0625
238950.0,XGBoost,155869.546875
2950000.0,XGBoost,3064059.5
332000.0,XGBoost,416188.78125
246000.0,XGBoost,263423.625
990000.0,XGBoost,1033431.4375
340000.0,XGBoost,315226.28125
475000.0,XGBoost,360796.78125
202500.0,XGBoost,238388.859375
170000.0,XGBoost,205199.328125
690000.0,XGBoost,672603.875
1065000.0,XGBoost,957198.1875
850000.0,XGBoost,895585.1875
382000.0,XGBoost,337393.09375
822000.0,XGBoost,711754.0
479000.0,XGBoost,488948.21875
115000.0,XGBoost,213102.0625
999000.0,XGBoost,962200.875
260000.0,XGBoost,255726.875
249000.0,XGBoost,262895.84375
975000.0,XGBoost,609608.875
490000.0,XGBoost,512128.9375
650000.0,XGBoost,797382.1875
530000.0,XGBoost,472716.3125
727500.0,XGBoost,770546.5
775000.0,XGBoost,511799.40625
920000.0,XGBoost,1001399.25
249500.0,XGBoost,251719.921875
330000.0,XGBoost,330254.15625
515000.0,XGBoost,434952.90625
300000.0,XGBoost,377301.96875
335000.0,XGBoost,368096.75
620000.0,XGBoost,568300.875
470000.0,XGBoost,469975.25
437000.0,XGBoost,437453.03125
315000.0,XGBoost,220782.984375
412450.0,XGBoost,557649.75
396000.0,XGBoost,341226.28125
600000.0,XGBoost,583719.5625
232000.0,XGBoost,241191.796875
278500.0,XGBoost,253922.6875
345000.0,XGBoost,347321.15625
640000.0,XGBoost,756042.1875
249950.0,XGBoost,235018.4375
327000.0,XGBoost,316952.65625
390000.0,XGBoost,397313.0625
402000.0,XGBoost,498614.65625
439000.0,XGBoost,535819.25
595000.0,XGBoost,651954.875
321000.0,XGBoost,327289.03125
320000.0,XGBoost,327885.375
408000.0,XGBoost,405076.34375
147000.0,XGBoost,241703.671875
608500.0,XGBoost,573856.5
749700.0,XGBoost,450780.5625
475000.0,XGBoost,529928.9375
170000.0,XGBoost,154584.015625
840000.0,XGBoost,846266.0625
432500.0,XGBoost,456496.6875
569950.0,XGBoost,602216.0
178500.0,XGBoost,185809.0625
269000.0,XGBoost,276383.03125
245500.0,XGBoost,299736.6875
210000.0,XGBoost,305049.15625
572650.0,XGBoost,548343.8125
275000.0,XGBoost,301019.15625
250800.0,XGBoost,288549.34375
575000.0,XGBoost,592461.3125
238000.0,XGBoost,332187.28125
338000.0,XGBoost,326904.375
535000.0,XGBoost,332756.78125
705000.0,XGBoost,634423.9375
750000.0,XGBoost,744709.875
678000.0,XGBoost,659964.5625
198000.0,XGBoost,189041.890625
400000.0,XGBoost,467849.28125
335000.0,XGBoost,304212.15625
289200.0,XGBoost,332431.34375
649000.0,XGBoost,682726.3125
357500.0,XGBoost,355518.96875
780000.0,XGBoost,691687.0625
249000.0,XGBoost,290311.1875
432500.0,XGBoost,459257.3125
300000.0,XGBoost,279169.53125
455000.0,XGBoost,337362.5
962000.0,XGBoost,770285.6875
1180500.0,XGBoost,780951.875
500000.0,XGBoost,443315.96875
678500.0,XGBoost,479331.5
1070000.0,XGBoost,972049.3125
690000.0,XGBoost,664326.75
265000.0,XGBoost,257290.75
769995.0,XGBoost,738323.5625
1650000.0,XGBoost,1603012.75
971000.0,XGBoost,867339.9375
395000.0,XGBoost,378763.90625
383150.0,XGBoost,314740.84375
449000.0,XGBoost,439735.1875
140000.0,XGBoost,209210.59375
329000.0,XGBoost,401697.1875
1256500.0,XGBoost,1019488.125
450000.0,XGBoost,446153.84375
257500.0,XGBoost,242718.859375
161000.0,XGBoost,238120.765625
435000.0,XGBoost,534109.625
375000.0,XGBoost,361570.75
648752.0,XGBoost,764288.3125
619500.0,XGBoost,739836.125
270000.0,XGBoost,247580.21875
570000.0,XGBoost,428944.90625
510000.0,XGBoost,552870.6875
480000.0,XGBoost,469038.96875
202000.0,XGBoost,190068.5
415000.0,XGBoost,420410.96875
222000.0,XGBoost,238049.921875
490000.0,XGBoost,515238.3125
325000.0,XGBoost,323524.09375
375000.0,XGBoost,366476.75
420000.0,XGBoost,423601.21875
435000.0,XGBoost,391426.09375
1035000.0,XGBoost,978860.75
345000.0,XGBoost,422869.03125
965800.0,XGBoost,942848.125
370000.0,XGBoost,526725.9375
555000.0,XGBoost,512822.0
339000.0,XGBoost,316847.1875
237500.0,XGBoost,254468.375
561000.0,XGBoost,463649.21875
320000.0,XGBoost,343920.9375
475000.0,XGBoost,443525.71875
430000.0,XGBoost,407028.46875
208500.0,XGBoost,168102.25
250000.0,XGBoost,218361.484375
411753.0,XGBoost,447044.8125
392000.0,XGBoost,409974.78125
550700.0,XGBoost,545376.875
340000.0,XGBoost,361412.1875
424950.0,XGBoost,462455.15625
515000.0,XGBoost,457800.71875
1135000.0,XGBoost,965352.625
669000.0,XGBoost,609310.125
349000.0,XGBoost,334076.34375
3567000.0,XGBoost,2674192.75
565000.0,XGBoost,518763.5625
305000.0,XGBoost,286405.40625
273000.0,XGBoost,248210.0
630000.0,XGBoost,624097.5
675000.0,XGBoost,708659.5
365000.0,XGBoost,393899.0625
656000.0,XGBoost,566395.25
278000.0,XGBoost,337013.25
373000.0,XGBoost,392187.59375
485000.0,XGBoost,512338.5625
550000.0,XGBoost,618766.6875
349000.0,XGBoost,319598.5625
315500.0,XGBoost,358820.3125
399000.0,XGBoost,386520.28125
375000.0,XGBoost,374805.9375
255000.0,XGBoost,169185.765625
1900000.0,XGBoost,1804930.375
810000.0,XGBoost,525588.375
594000.0,XGBoost,552055.625
661000.0,XGBoost,575218.125
350000.0,XGBoost,531026.6875
1350000.0,XGBoost,1484543.625
363500.0,XGBoost,300519.5
228000.0,XGBoost,278046.15625
230000.0,XGBoost,288176.96875
350000.0,XGBoost,335241.59375
800500.0,XGBoost,731203.5625
558000.0,XGBoost,577275.6875
359000.0,XGBoost,429500.78125
205000.0,XGBoost,244450.90625
670000.0,XGBoost,717268.0625
84000.0,XGBoost,178853.65625
309000.0,XGBoost,315984.15625
382000.0,XGBoost,342411.5625
1195000.0,XGBoost,868028.4375
630000.0,XGBoost,648239.3125
336900.0,XGBoost,375049.0625
275000.0,XGBoost,273081.78125
359000.0,XGBoost,306463.9375
257000.0,XGBoost,254947.625
230000.0,XGBoost,210526.96875
456000.0,XGBoost,495369.84375
620000.0,XGBoost,528168.5625
1415000.0,XGBoost,1652526.375
1062500.0,XGBoost,815493.1875
275000.0,XGBoost,270192.34375
253500.0,XGBoost,310402.78125
515000.0,XGBoost,312599.34375
595000.0,XGBoost,604158.0
605000.0,XGBoost,542960.0625
799000.0,XGBoost,813118.4375
279900.0,XGBoost,306698.71875
575000.0,XGBoost,529243.0625
380500.0,XGBoost,330173.8125
333000.0,XGBoost,305070.65625
550000.0,XGBoost,580280.5625
312500.0,XGBoost,285411.0
525000.0,XGBoost,473814.875
400000.0,XGBoost,448933.1875
182500.0,XGBoost,234626.53125
365000.0,XGBoost,335294.96875
490000.0,XGBoost,510616.1875
642860.0,XGBoost,587699.375
400000.0,XGBoost,505708.96875
315000.0,XGBoost,357962.0625
445000.0,XGBoost,527898.625
305000.0,XGBoost,289712.9375
479950.0,XGBoost,415807.5625
426000.0,XGBoost,399100.25
501000.0,XGBoost,513445.9375
370000.0,XGBoost,384376.125
260000.0,XGBoost,248298.546875
210000.0,XGBoost,188476.828125
334000.0,XGBoost,354203.53125
1320000.0,XGBoost,1307425.5
347950.0,XGBoost,323024.03125
312500.0,XGBoost,294500.40625
900000.0,XGBoost,1040754.375
337000.0,XGBoost,384596.90625
465000.0,XGBoost,377804.59375
169900.0,XGBoost,166205.765625
294900.0,XGBoost,318250.53125
468000.0,XGBoost,439315.15625
820000.0,XGBoost,786159.375
699000.0,XGBoost,752744.1875
400000.0,XGBoost,385914.78125
515000.0,XGBoost,594622.4375
805000.0,XGBoost,769979.4375
210000.0,XGBoost,320450.625
425000.0,XGBoost,439517.5625
350000.0,XGBoost,535482.125
476000.0,XGBoost,417444.90625
539900.0,XGBoost,485017.34375
475000.0,XGBoost,457884.9375
271500.0,XGBoost,291106.03125
550000.0,XGBoost,513043.09375
372220.0,XGBoost,448470.59375
913000.0,XGBoost,885907.9375
465950.0,XGBoost,425809.8125
148000.0,XGBoost,219601.125
260000.0,XGBoost,233939.484375
370000.0,XGBoost,356245.625
550000.0,XGBoost,396805.6875
510000.0,XGBoost,501869.1875
367500.0,XGBoost,325189.84375
403000.0,XGBoost,393163.53125
200126.0,XGBoost,294408.59375
450000.0,XGBoost,824379.25
374990.0,XGBoost,386007.15625
255000.0,XGBoost,250943.34375
471000.0,XGBoost,512210.5625
206000.0,XGBoost,213737.890625
845800.0,XGBoost,952473.0625
300000.0,XGBoost,263294.53125
925000.0,XGBoost,914102.0625
250000.0,XGBoost,259012.609375
175000.0,XGBoost,282126.46875
250000.0,XGBoost,313122.0625
250000.0,XGBoost,249019.453125
720000.0,XGBoost,833340.625
425000.0,XGBoost,401771.46875
566000.0,XGBoost,518301.71875
1940000.0,XGBoost,2154875.25
225000.0,XGBoost,338976.625
635000.0,XGBoost,660067.875
402000.0,XGBoost,477073.65625
335000.0,XGBoost,328357.875
839000.0,XGBoost,698651.4375
440500.0,XGBoost,450223.25
805000.0,XGBoost,811657.25
300000.0,XGBoost,300144.84375
305000.0,XGBoost,282989.3125
689000.0,XGBoost,442242.96875
408000.0,XGBoost,411245.875
1568000.0,XGBoost,1374230.875
240000.0,XGBoost,222476.609375
325000.0,XGBoost,369744.375
405600.0,XGBoost,393422.71875
740000.0,XGBoost,632309.25
233000.0,XGBoost,268325.5
463000.0,XGBoost,417427.40625
235000.0,XGBoost,247515.75
280000.0,XGBoost,261732.84375
110000.0,XGBoost,168754.546875
235000.0,XGBoost,336305.375
313300.0,XGBoost,374298.71875
620000.0,XGBoost,581858.1875
865000.0,XGBoost,928553.75
169000.0,XGBoost,184954.28125
465000.0,XGBoost,507756.03125
390000.0,XGBoost,307470.6875
454450.0,XGBoost,431189.625
1135250.0,XGBoost,1026519.25
325000.0,XGBoost,292327.625
646800.0,XGBoost,642198.6875
430000.0,XGBoost,434792.8125
450000.0,XGBoost,448761.96875
1735000.0,XGBoost,1855159.5
455000.0,XGBoost,445001.8125
437718.0,XGBoost,401343.34375
374000.0,XGBoost,464121.6875
999000.0,XGBoost,763707.6875
1051000.0,XGBoost,938014.0
379950.0,XGBoost,360405.40625
1620000.0,XGBoost,1504791.625
1050000.0,XGBoost,1190727.625
965000.0,XGBoost,1099837.75
590000.0,XGBoost,520126.40625
290000.0,XGBoost,393645.65625
209950.0,XGBoost,216846.78125
426000.0,XGBoost,446296.34375
447000.0,XGBoost,410255.21875
615000.0,XGBoost,683110.5
399000.0,XGBoost,373782.1875
325000.0,XGBoost,324190.59375
299000.0,XGBoost,299970.875
274000.0,XGBoost,224743.859375
610000.0,XGBoost,528768.3125
614950.0,XGBoost,767238.0
643950.0,XGBoost,525971.5
210000.0,XGBoost,212123.53125
518000.0,XGBoost,579951.9375
148226.0,XGBoost,213021.375
430100.0,XGBoost,414998.1875
426000.0,XGBoost,473906.21875
334900.0,XGBoost,403658.0
212000.0,XGBoost,198600.9375
605004.0,XGBoost,682223.8125
1240000.0,XGBoost,1125935.625
370000.0,XGBoost,354690.625
275000.0,XGBoost,262004.296875
465000.0,XGBoost,405445.875
610750.0,XGBoost,562899.9375
390000.0,XGBoost,485860.34375
406000.0,XGBoost,380758.34375
428950.0,XGBoost,429183.90625
260000.0,XGBoost,294421.78125
402723.0,XGBoost,316154.15625
366000.0,XGBoost,361048.03125
385000.0,XGBoost,377495.625
637250.0,XGBoost,619375.375
890000.0,XGBoost,777359.125
288000.0,XGBoost,253578.8125
450000.0,XGBoost,400669.90625
915000.0,XGBoost,925745.5625
245000.0,XGBoost,282896.53125
453500.0,XGBoost,401334.9375
685000.0,XGBoost,672061.5625
161700.0,XGBoost,234262.984375
1180000.0,XGBoost,1124810.875
166950.0,XGBoost,202045.0
410000.0,XGBoost,307943.15625
425000.0,XGBoost,467835.46875
300000.0,XGBoost,266273.4375
339000.0,XGBoost,323941.5
405000.0,XGBoost,325374.40625
319000.0,XGBoost,318857.53125
325000.0,XGBoost,380174.1875
390000.0,XGBoost,406173.0
896000.0,XGBoost,963329.25
446000.0,XGBoost,428620.21875
267000.0,XGBoost,261409.046875
490000.0,XGBoost,499040.4375
165000.0,XGBoost,213985.6875
375000.0,XGBoost,257884.484375
742000.0,XGBoost,717082.6875
200000.0,XGBoost,198290.765625
749950.0,XGBoost,793779.0
542500.0,XGBoost,565098.1875
815000.0,XGBoost,1208731.625
963000.0,XGBoost,1052964.25
420000.0,XGBoost,404302.90625
420000.0,XGBoost,390701.4375
300000.0,XGBoost,308998.6875
327500.0,XGBoost,296738.03125
246000.0,XGBoost,249066.71875
165000.0,XGBoost,201534.8125
252000.0,XGBoost,245717.953125
290000.0,XGBoost,239836.90625
240000.0,XGBoost,293316.46875
529219.0,XGBoost,568225.5
630000.0,XGBoost,666233.9375
200000.0,XGBoost,186426.03125
770000.0,XGBoost,852099.4375
279900.0,XGBoost,277385.125
7062500.0,XGBoost,4196180.5
856500.0,XGBoost,810376.375
639000.0,XGBoost,611037.25
215000.0,XGBoost,203760.78125
399950.0,XGBoost,369920.6875
665000.0,XGBoost,692556.375
791500.0,XGBoost,650221.25
895000.0,XGBoost,585841.0
229000.0,XGBoost,372927.9375
692500.0,XGBoost,497195.8125
235000.0,XGBoost,218988.96875
395900.0,XGBoost,352958.59375
490000.0,XGBoost,648860.9375
475000.0,XGBoost,493941.4375
203000.0,XGBoost,193430.796875
436500.0,XGBoost,365222.0625
230500.0,XGBoost,252201.46875
870000.0,XGBoost,857888.625
755000.0,XGBoost,624572.625
403000.0,XGBoost,443275.375
345000.0,XGBoost,460824.875
750000.0,XGBoost,697296.9375
265000.0,XGBoost,266124.9375
394000.0,XGBoost,434457.5
1250000.0,XGBoost,947973.8125
312000.0,XGBoost,259776.265625
660000.0,XGBoost,578419.6875
3200000.0,XGBoost,3097692.0
185000.0,XGBoost,218193.078125
360000.0,XGBoost,344462.84375
715000.0,XGBoost,680553.125
1100000.0,XGBoost,937836.0
397500.0,XGBoost,368538.28125
950000.0,XGBoost,655542.25
419000.0,XGBoost,354984.375
379000.0,XGBoost,384764.1875
509000.0,XGBoost,505055.90625
465000.0,XGBoost,436507.5
757500.0,XGBoost,701318.375
359000.0,XGBoost,370531.875
372500.0,XGBoost,351758.59375
265000.0,XGBoost,231523.8125
825500.0,XGBoost,672152.5
575000.0,XGBoost,568825.75
432000.0,XGBoost,493325.71875
1436000.0,XGBoost,1504064.125
1770000.0,XGBoost,1531244.5
359999.0,XGBoost,322230.53125
542500.0,XGBoost,675313.0625
920000.0,XGBoost,887962.5625
310000.0,XGBoost,292516.96875
599950.0,XGBoost,573814.9375
450000.0,XGBoost,557406.25
2900000.0,XGBoost,1951643.25
530000.0,XGBoost,454091.21875
515000.0,XGBoost,543546.5
200000.0,XGBoost,202575.546875
475000.0,XGBoost,472209.875
951000.0,XGBoost,1018316.25
875000.0,XGBoost,703764.5
250000.0,XGBoost,227824.375
350000.0,XGBoost,305619.0
795000.0,XGBoost,892795.0
342000.0,XGBoost,337598.75
1688000.0,XGBoost,1603321.625
225000.0,XGBoost,207709.046875
400000.0,XGBoost,418322.46875
475000.0,XGBoost,493164.8125
427000.0,XGBoost,432440.71875
490000.0,XGBoost,474232.1875
975000.0,XGBoost,974717.1875
166000.0,XGBoost,214710.984375
455000.0,XGBoost,459206.9375
572000.0,XGBoost,585375.1875
935000.0,XGBoost,602752.6875
850000.0,XGBoost,939972.5
240000.0,XGBoost,273867.3125
340000.0,XGBoost,344241.53125
228000.0,XGBoost,206465.640625
324950.0,XGBoost,311577.5625
1295000.0,XGBoost,1046088.9375
447000.0,XGBoost,343769.09375
359800.0,XGBoost,375640.75
785000.0,XGBoost,730759.5
480000.0,XGBoost,500721.375
735000.0,XGBoost,649324.0
275000.0,XGBoost,229756.90625
452000.0,XGBoost,322491.84375
538000.0,XGBoost,478823.90625
700180.0,XGBoost,603441.1875
269950.0,XGBoost,278085.4375
1700000.0,XGBoost,1268265.5
290000.0,XGBoost,334443.5625
350000.0,XGBoost,370475.6875
879900.0,XGBoost,722035.125
255900.0,XGBoost,244667.34375
495000.0,XGBoost,542924.875
525000.0,XGBoost,569857.9375
255000.0,XGBoost,250184.65625
372000.0,XGBoost,380090.78125
430000.0,XGBoost,403586.0
1480000.0,XGBoost,1289812.375
380000.0,XGBoost,352461.78125
342000.0,XGBoost,355127.25
350000.0,XGBoost,329137.9375
910000.0,XGBoost,775073.1875
462500.0,XGBoost,360714.53125
460000.0,XGBoost,490394.90625
255000.0,XGBoost,277970.34375
505000.0,XGBoost,453095.0
525000.0,XGBoost,532356.1875
268000.0,XGBoost,278274.5625
360000.0,XGBoost,350745.3125
233000.0,XGBoost,224190.921875
294950.0,XGBoost,315209.4375
500000.0,XGBoost,590990.125
360000.0,XGBoost,295211.28125
180500.0,XGBoost,168968.890625
825000.0,XGBoost,790753.75
535000.0,XGBoost,572193.0
341000.0,XGBoost,344472.40625
560000.0,XGBoost,498286.1875
370000.0,XGBoost,380807.71875
1150000.0,XGBoost,1194260.0
645000.0,XGBoost,660811.0
830000.0,XGBoost,831177.0
618250.0,XGBoost,704285.5
865950.0,XGBoost,857307.125
1050000.0,XGBoost,948156.4375
670000.0,XGBoost,601211.8125
570000.0,XGBoost,470044.71875
555000.0,XGBoost,553880.8125
474000.0,XGBoost,446414.28125
442000.0,XGBoost,505732.59375
419900.0,XGBoost,434053.75
425000.0,XGBoost,464790.125
595000.0,XGBoost,554591.6875
348000.0,XGBoost,339064.90625
269950.0,XGBoost,273550.9375
336600.0,XGBoost,304820.875
315000.0,XGBoost,317250.21875
425000.0,XGBoost,410584.40625
902000.0,XGBoost,844056.875
287000.0,XGBoost,215855.578125
921500.0,XGBoost,862011.3125
961000.0,XGBoost,830102.8125
695000.0,XGBoost,644058.3125
349950.0,XGBoost,304972.65625
424950.0,XGBoost,416429.78125
300000.0,XGBoost,382775.34375
456000.0,XGBoost,485982.6875
540000.0,XGBoost,466869.1875
429592.0,XGBoost,610525.75
429000.0,XGBoost,405053.1875
338000.0,XGBoost,356606.625
588000.0,XGBoost,640209.4375
340000.0,XGBoost,365621.46875
320000.0,XGBoost,355854.8125
547500.0,XGBoost,622379.8125
249950.0,XGBoost,243285.03125
2147500.0,XGBoost,2006359.0
366000.0,XGBoost,341351.59375
4489000.0,XGBoost,3173460.0
118125.0,XGBoost,171248.65625
439990.0,XGBoost,460820.03125
655000.0,XGBoost,584700.6875
240000.0,XGBoost,316788.5625
399000.0,XGBoost,389334.125
400000.0,XGBoost,408273.28125
465000.0,XGBoost,457371.71875
350000.0,XGBoost,384876.46875
855000.0,XGBoost,937811.875
240000.0,XGBoost,234804.484375
485000.0,XGBoost,471038.25
420000.0,XGBoost,441257.15625
515000.0,XGBoost,425311.8125
505000.0,XGBoost,435772.5625
630000.0,XGBoost,751226.0
489500.0,XGBoost,446965.53125
387000.0,XGBoost,430619.25
550000.0,XGBoost,688659.375
515000.0,XGBoost,553434.0625
840000.0,XGBoost,855357.75
770000.0,XGBoost,749047.5625
245000.0,XGBoost,267574.75
488000.0,XGBoost,495494.65625
235000.0,XGBoost,235906.75
277500.0,XGBoost,305552.5625
650000.0,XGBoost,562562.875
597000.0,XGBoost,547332.875
470000.0,XGBoost,457728.25
825750.0,XGBoost,772886.875
425000.0,XGBoost,424509.53125
229950.0,XGBoost,164352.9375
195000.0,XGBoost,193712.875
279000.0,XGBoost,284411.125
755000.0,XGBoost,610836.8125
381000.0,XGBoost,355858.5
2000000.0,XGBoost,1549403.75
245000.0,XGBoost,318699.15625
580000.0,XGBoost,560479.25
625504.0,XGBoost,568706.4375
375000.0,XGBoost,374203.75
325000.0,XGBoost,311754.4375
450000.0,XGBoost,473439.5625
395000.0,XGBoost,463959.28125
415000.0,XGBoost,383086.84375
664000.0,XGBoost,650706.3125
350000.0,XGBoost,823522.0
616950.0,XGBoost,677543.75
500000.0,XGBoost,464164.625
354500.0,XGBoost,375968.6875
596000.0,XGBoost,580900.125
470000.0,XGBoost,405188.375
335000.0,XGBoost,345065.84375
485000.0,XGBoost,513890.71875
675000.0,XGBoost,684318.125
569950.0,XGBoost,666388.375
450000.0,XGBoost,449563.4375
265000.0,XGBoost,254228.71875
360000.0,XGBoost,439274.96875
155000.0,XGBoost,243173.9375
387990.0,XGBoost,375167.8125
319950.0,XGBoost,369043.3125
455000.0,XGBoost,326342.15625
652000.0,XGBoost,588164.1875
299000.0,XGBoost,338576.0
480000.0,XGBoost,450374.875
3650000.0,XGBoost,2864774.0
334998.0,XGBoost,340833.71875
564450.0,XGBoost,510354.28125
623000.0,XGBoost,525223.5625
485000.0,XGBoost,514873.3125
592500.0,XGBoost,616855.375
570000.0,XGBoost,608381.6875
330000.0,XGBoost,391238.71875
477000.0,XGBoost,493924.96875
430000.0,XGBoost,423604.4375
475000.0,XGBoost,453690.84375
562000.0,XGBoost,617137.1875
525000.0,XGBoost,537253.0
395000.0,XGBoost,384518.71875
530000.0,XGBoost,568929.375
910000.0,XGBoost,1061133.625
440000.0,XGBoost,491840.78125
350000.0,XGBoost,428453.0625
525000.0,XGBoost,493866.09375
630000.0,XGBoost,622172.6875
510000.0,XGBoost,605855.0
299999.0,XGBoost,270227.625
196000.0,XGBoost,187037.734375
864000.0,XGBoost,765139.4375
848000.0,XGBoost,793185.75
370000.0,XGBoost,383724.90625
562200.0,XGBoost,623909.375
479000.0,XGBoost,485335.6875
1637500.0,XGBoost,2249127.25
485000.0,XGBoost,643119.875
375000.0,XGBoost,350183.125
458000.0,XGBoost,431050.25
303100.0,XGBoost,316327.28125
465000.0,XGBoost,545577.625
547000.0,XGBoost,551079.8125
320000.0,XGBoost,301611.40625
705000.0,XGBoost,749928.25
350000.0,XGBoost,375182.84375
286000.0,XGBoost,361739.75
310000.0,XGBoost,272494.625
840000.0,XGBoost,1029504.625
535100.0,XGBoost,467925.59375
753888.0,XGBoost,724997.9375
790000.0,XGBoost,613317.625
179950.0,XGBoost,182372.34375
1070000.0,XGBoost,966518.8125
575000.0,XGBoost,601206.6875
525000.0,XGBoost,505913.0
565000.0,XGBoost,544552.625
1020000.0,XGBoost,652434.375
1636000.0,XGBoost,1002000.125
410000.0,XGBoost,362294.5625
510000.0,XGBoost,508370.375
378750.0,XGBoost,394615.34375
375000.0,XGBoost,373251.40625
282000.0,XGBoost,250680.921875
815000.0,XGBoost,787121.1875
630000.0,XGBoost,657079.5
447000.0,XGBoost,437748.9375
320000.0,XGBoost,304851.125
285000.0,XGBoost,271574.90625
310000.0,XGBoost,327092.125
675000.0,XGBoost,620675.6875
775000.0,XGBoost,676058.625
299950.0,XGBoost,269606.0
1378000.0,XGBoost,1310968.875
220000.0,XGBoost,184525.265625
733000.0,XGBoost,659302.1875
258950.0,XGBoost,250864.140625
268500.0,XGBoost,238090.328125
235000.0,XGBoost,222452.84375
550000.0,XGBoost,713278.875
800000.0,XGBoost,618885.3125
744000.0,XGBoost,727898.75
1100000.0,XGBoost,1180692.0
490000.0,XGBoost,522708.65625
315000.0,XGBoost,334258.0
450000.0,XGBoost,444451.28125
230000.0,XGBoost,220402.59375
875000.0,XGBoost,834445.25
400000.0,XGBoost,390390.46875
310950.0,XGBoost,304020.46875
221900.0,XGBoost,235912.609375
1785000.0,XGBoost,1765700.375
550000.0,XGBoost,455390.96875
280000.0,XGBoost,287588.90625
565000.0,XGBoost,531484.1875
740000.0,XGBoost,928579.5
593000.0,XGBoost,629809.875
355000.0,XGBoost,376522.6875
664000.0,XGBoost,597273.75
450000.0,XGBoost,651373.125
710000.0,XGBoost,718980.125
325000.0,XGBoost,320697.6875
292500.0,XGBoost,285510.125
275000.0,XGBoost,273962.4375
589450.0,XGBoost,568854.5
762400.0,XGBoost,734502.3125
365000.0,XGBoost,406629.59375
375000.0,XGBoost,385391.40625
372500.0,XGBoost,358983.53125
282150.0,XGBoost,282451.6875
850000.0,XGBoost,906775.6875
325000.0,XGBoost,299075.375
715000.0,XGBoost,593799.625
319900.0,XGBoost,354977.25
525000.0,XGBoost,489504.78125
719000.0,XGBoost,705067.75
1008000.0,XGBoost,876817.6875
579000.0,XGBoost,532805.1875
1500000.0,XGBoost,1623019.5
610000.0,XGBoost,627050.0625
496000.0,XGBoost,657107.6875
649950.0,XGBoost,672535.9375
495000.0,XGBoost,542389.75
1410000.0,XGBoost,1510989.5
535000.0,XGBoost,581759.4375
475000.0,XGBoost,456270.40625
385500.0,XGBoost,388517.78125
479500.0,XGBoost,498535.71875
750000.0,XGBoost,722797.125
550000.0,XGBoost,615104.1875
309900.0,XGBoost,306640.8125
565000.0,XGBoost,594863.5
665000.0,XGBoost,662854.75
440000.0,XGBoost,410723.4375
320000.0,XGBoost,352742.90625
205000.0,XGBoost,202408.515625
1700000.0,XGBoost,1785000.0
390000.0,XGBoost,450722.9375
320000.0,XGBoost,347704.59375
463828.0,XGBoost,447027.3125
180000.0,XGBoost,249910.421875
145600.0,XGBoost,211122.296875
329500.0,XGBoost,338919.71875
635000.0,XGBoost,585226.125
270000.0,XGBoost,308244.625
255000.0,XGBoost,217869.9375
616750.0,XGBoost,651997.75
185000.0,XGBoost,297969.625
345000.0,XGBoost,325889.9375
510000.0,XGBoost,513448.84375
365000.0,XGBoost,360373.125
980000.0,XGBoost,837362.9375
570000.0,XGBoost,697916.875
247500.0,XGBoost,489708.875
450000.0,XGBoost,501157.09375
197000.0,XGBoost,250283.453125
900000.0,XGBoost,896216.5625
239950.0,XGBoost,253873.53125
439000.0,XGBoost,421451.03125
820000.0,XGBoost,1302662.375
960000.0,XGBoost,917946.6875
622000.0,XGBoost,805609.75
279000.0,XGBoost,303537.5
445500.0,XGBoost,482789.28125
1420000.0,XGBoost,1341298.75
1200000.0,XGBoost,1058367.5
1127500.0,XGBoost,732993.6875
275000.0,XGBoost,284495.75
610000.0,XGBoost,589200.5625
805000.0,XGBoost,786380.625
580000.0,XGBoost,522410.125
360000.0,XGBoost,319757.375
1399950.0,XGBoost,1398524.75
335000.0,XGBoost,366837.9375
470450.0,XGBoost,563864.875
655000.0,XGBoost,607099.6875
292500.0,XGBoost,321025.09375
1029000.0,XGBoost,1005727.125
853505.0,XGBoost,986626.4375
650000.0,XGBoost,485782.5
445000.0,XGBoost,390554.65625
589000.0,XGBoost,520375.40625
320000.0,XGBoost,324440.53125
135900.0,XGBoost,151877.140625
1870000.0,XGBoost,1474790.125
300000.0,XGBoost,281216.15625
515000.0,XGBoost,539539.375
577000.0,XGBoost,595764.5625
737500.0,XGBoost,592488.375
680000.0,XGBoost,566275.875
180000.0,XGBoost,203149.1875
810000.0,XGBoost,788351.75
251000.0,XGBoost,248627.671875
609000.0,XGBoost,637050.375
422500.0,XGBoost,405239.8125
170000.0,XGBoost,175262.046875
487500.0,XGBoost,459825.25
1298000.0,XGBoost,1190698.125
709000.0,XGBoost,572092.125
380000.0,XGBoost,460611.34375
280000.0,XGBoost,250912.703125
279000.0,XGBoost,299815.59375
355000.0,XGBoost,379175.9375
633634.0,XGBoost,623548.9375
291500.0,XGBoost,250850.96875
349170.0,XGBoost,277203.1875
752875.0,XGBoost,684413.375
255000.0,XGBoost,249208.328125
679000.0,XGBoost,676394.625
425000.0,XGBoost,163354.421875
642000.0,XGBoost,698362.375
225000.0,XGBoost,241815.734375
227000.0,XGBoost,268104.28125
343500.0,XGBoost,323265.96875
375000.0,XGBoost,525193.0625
353000.0,XGBoost,341061.6875
265000.0,XGBoost,253654.03125
635000.0,XGBoost,677291.875
169950.0,XGBoost,190460.8125
318000.0,XGBoost,318223.53125
317000.0,XGBoost,304299.78125
306888.0,XGBoost,275642.5625
572800.0,XGBoost,632826.875
1313000.0,XGBoost,1187699.5
1175000.0,XGBoost,1016036.625
541800.0,XGBoost,513972.125
875000.0,XGBoost,842661.375
520000.0,XGBoost,479806.6875
529000.0,XGBoost,519199.625
402000.0,XGBoost,433398.15625
315000.0,XGBoost,267181.0625
560200.0,XGBoost,574004.8125
153503.0,XGBoost,208925.09375
280000.0,XGBoost,305562.78125
760000.0,XGBoost,772915.625
480000.0,XGBoost,480175.21875
500000.0,XGBoost,657046.25
240000.0,XGBoost,247767.515625
353000.0,XGBoost,307860.34375
310000.0,XGBoost,324431.53125
555000.0,XGBoost,628862.75
225800.0,XGBoost,241661.03125
258305.0,XGBoost,240406.640625
165050.0,XGBoost,195373.734375
690000.0,XGBoost,702429.4375
250000.0,XGBoost,296509.46875
414000.0,XGBoost,499619.9375
540000.0,XGBoost,486211.71875
629000.0,XGBoost,361055.25
370000.0,XGBoost,394786.625
255000.0,XGBoost,233372.375
365000.0,XGBoost,333610.53125
324950.0,XGBoost,346520.15625
260000.0,XGBoost,250853.59375
755000.0,XGBoost,711946.875
465000.0,XGBoost,574382.125
874000.0,XGBoost,682476.375
700000.0,XGBoost,687396.875
395000.0,XGBoost,423449.3125
1350000.0,XGBoost,1369517.0
360000.0,XGBoost,353785.9375
475000.0,XGBoost,448903.625
545000.0,XGBoost,495102.5625
425000.0,XGBoost,496973.53125
998000.0,XGBoost,990157.5
665000.0,XGBoost,601075.4375
170500.0,XGBoost,258239.40625
1350000.0,XGBoost,1052753.375
370000.0,XGBoost,376314.5
365000.0,XGBoost,620602.8125
625000.0,XGBoost,682324.6875
1165000.0,XGBoost,1067134.375
435000.0,XGBoost,410101.125
163800.0,XGBoost,242637.40625
490000.0,XGBoost,548210.4375
286000.0,XGBoost,247100.890625
242000.0,XGBoost,257705.765625
720000.0,XGBoost,757873.5
600000.0,XGBoost,627548.375
269000.0,XGBoost,269715.78125
220000.0,XGBoost,253544.46875
349000.0,XGBoost,375212.53125
340000.0,XGBoost,370599.75
421000.0,XGBoost,430427.09375
450000.0,XGBoost,485765.375
305000.0,XGBoost,463001.875
595000.0,XGBoost,391601.9375
366000.0,XGBoost,363720.1875
608000.0,XGBoost,651453.9375
440000.0,XGBoost,631907.1875
970000.0,XGBoost,831955.0
450000.0,XGBoost,421574.4375
399950.0,XGBoost,438804.75
425000.0,XGBoost,462302.125
240000.0,XGBoost,234885.109375
1225000.0,XGBoost,1100679.25
280000.0,XGBoost,286566.875
585000.0,XGBoost,598393.5
285000.0,XGBoost,301909.25
1600000.0,XGBoost,1438896.5
517950.0,XGBoost,513503.25
349900.0,XGBoost,379143.71875
288349.0,XGBoost,334094.1875
420000.0,XGBoost,426724.90625
463800.0,XGBoost,529784.375
839000.0,XGBoost,954137.625
829000.0,XGBoost,1121029.625
585000.0,XGBoost,660659.1875
345000.0,XGBoost,361937.84375
545000.0,XGBoost,613561.0
432500.0,XGBoost,471377.0625
1465000.0,XGBoost,1385378.875
212000.0,XGBoost,198249.34375
427500.0,XGBoost,407466.15625
279000.0,XGBoost,357773.3125
800000.0,XGBoost,632563.1875
914600.0,XGBoost,964948.5
525000.0,XGBoost,503055.6875
410000.0,XGBoost,423379.09375
230000.0,XGBoost,205037.75
260000.0,XGBoost,429140.125
219000.0,XGBoost,213765.21875
546940.0,XGBoost,295674.21875
300000.0,XGBoost,299964.3125
400000.0,XGBoost,433975.0625
700000.0,XGBoost,625994.1875
570000.0,XGBoost,633546.0
270000.0,XGBoost,251072.609375
693000.0,XGBoost,770495.875
478000.0,XGBoost,501625.65625
225000.0,XGBoost,255930.84375
355000.0,XGBoost,361339.09375
696500.0,XGBoost,611627.25
440000.0,XGBoost,441002.625
399950.0,XGBoost,380772.53125
681500.0,XGBoost,655949.3125
443000.0,XGBoost,440415.90625
306000.0,XGBoost,285781.40625
445800.0,XGBoost,348475.40625
880000.0,XGBoost,923032.0625
530000.0,XGBoost,489272.84375
827235.0,XGBoost,694828.1875
615500.0,XGBoost,542172.0
402000.0,XGBoost,370917.25
989000.0,XGBoost,1479462.75
340000.0,XGBoost,304962.1875
1050000.0,XGBoost,1033642.4375
325000.0,XGBoost,345623.125
629950.0,XGBoost,636834.125
276000.0,XGBoost,268895.75
425000.0,XGBoost,459317.75
452000.0,XGBoost,411134.9375
418000.0,XGBoost,336958.65625
365000.0,XGBoost,412177.65625
257000.0,XGBoost,259880.328125
1005000.0,XGBoost,1248852.875
1236000.0,XGBoost,830376.0
715000.0,XGBoost,700709.3125
385000.0,XGBoost,386093.65625
353000.0,XGBoost,308122.96875
430000.0,XGBoost,290013.71875
497000.0,XGBoost,611318.1875
276000.0,XGBoost,275209.15625
270000.0,XGBoost,252562.984375
548000.0,XGBoost,487899.6875
120000.0,XGBoost,194501.09375
883000.0,XGBoost,852380.625
212000.0,XGBoost,238912.796875
119500.0,XGBoost,201791.96875
311000.0,XGBoost,338410.09375
345000.0,XGBoost,392181.21875
695000.0,XGBoost,560798.9375
800000.0,XGBoost,746976.75
518000.0,XGBoost,439254.8125
1300000.0,XGBoost,1064161.75
209950.0,XGBoost,208954.1875
350000.0,XGBoost,338860.28125
500000.0,XGBoost,438799.71875
335000.0,XGBoost,330809.5625
1000000.0,XGBoost,838131.5625
619950.0,XGBoost,540088.1875
550000.0,XGBoost,604841.25
325000.0,XGBoost,458150.09375
610000.0,XGBoost,667944.625
525000.0,XGBoost,357835.4375
870000.0,XGBoost,1207338.75
410000.0,XGBoost,409690.65625
850000.0,XGBoost,624396.375
430000.0,XGBoost,466314.78125
375000.0,XGBoost,395151.25
795000.0,XGBoost,688432.875
249000.0,XGBoost,295768.96875
265500.0,XGBoost,233385.953125
2700000.0,XGBoost,1758469.375
760000.0,XGBoost,731121.9375
469950.0,XGBoost,461511.40625
597000.0,XGBoost,580662.5
260000.0,XGBoost,278074.03125
224000.0,XGBoost,207266.203125
765000.0,XGBoost,758546.75
376000.0,XGBoost,492834.3125
295450.0,XGBoost,314982.28125
2095000.0,XGBoost,1993422.375
449250.0,XGBoost,428709.375
792000.0,XGBoost,703216.375
680000.0,XGBoost,630699.4375
320000.0,XGBoost,277913.90625
252000.0,XGBoost,345057.3125
1135000.0,XGBoost,1180123.5
607500.0,XGBoost,629668.75
303500.0,XGBoost,304649.96875
530000.0,XGBoost,617192.5625
1360000.0,XGBoost,1453080.875
285000.0,XGBoost,473738.125
895000.0,XGBoost,971265.375
479000.0,XGBoost,417825.28125
380000.0,XGBoost,424239.5625
500000.0,XGBoost,532703.0625
490000.0,XGBoost,1356337.25
760000.0,XGBoost,714842.4375
322500.0,XGBoost,305808.5
129000.0,XGBoost,236237.484375
638250.0,XGBoost,637071.0625
840000.0,XGBoost,719546.75
375000.0,XGBoost,449492.65625
535000.0,XGBoost,515780.5625
415000.0,XGBoost,484039.5625
294350.0,XGBoost,265068.4375
1326000.0,XGBoost,1416396.75
640000.0,XGBoost,636352.75
359950.0,XGBoost,352086.84375
150000.0,XGBoost,163982.328125
330000.0,XGBoost,315866.03125
902000.0,XGBoost,896871.5
815000.0,XGBoost,704570.3125
339000.0,XGBoost,445634.125
699950.0,XGBoost,738733.5
491000.0,XGBoost,484379.90625
620000.0,XGBoost,649684.4375
1020000.0,XGBoost,963408.3125
105500.0,XGBoost,229064.890625
245000.0,XGBoost,215261.890625
370000.0,XGBoost,357560.46875
217000.0,XGBoost,200303.890625
335900.0,XGBoost,326546.0625
325000.0,XGBoost,291213.75
375000.0,XGBoost,445527.53125
495000.0,XGBoost,500621.59375
820000.0,XGBoost,698544.875
539900.0,XGBoost,486121.75
390000.0,XGBoost,339734.59375
330000.0,XGBoost,331354.21875
265000.0,XGBoost,351214.25
420000.0,XGBoost,445192.0
309000.0,XGBoost,304551.5
655000.0,XGBoost,621867.125
370000.0,XGBoost,376566.53125
567000.0,XGBoost,553569.1875
320000.0,XGBoost,308992.21875
600000.0,XGBoost,542470.5
356000.0,XGBoost,340225.46875
565000.0,XGBoost,554922.875
999950.0,XGBoost,1060622.625
261490.0,XGBoost,267154.78125
422000.0,XGBoost,453483.1875
280000.0,XGBoost,323643.53125
1700000.0,XGBoost,1347121.5
3395000.0,XGBoost,2530527.75
975000.0,XGBoost,935934.6875
911100.0,XGBoost,720860.0
539000.0,XGBoost,465952.90625
415000.0,XGBoost,373625.0
750000.0,XGBoost,721018.8125
850000.0,XGBoost,886864.875
378950.0,XGBoost,391457.4375
1112750.0,XGBoost,1057585.5
326000.0,XGBoost,328132.84375
1255000.0,XGBoost,1288210.625
1250000.0,XGBoost,984538.9375
475000.0,XGBoost,358188.4375
426250.0,XGBoost,307623.8125
450000.0,XGBoost,433467.96875
549900.0,XGBoost,507201.90625
290000.0,XGBoost,315365.8125
343000.0,XGBoost,330184.21875
425000.0,XGBoost,458282.0625
752000.0,XGBoost,604579.4375
250000.0,XGBoost,226646.8125
355000.0,XGBoost,363422.65625
330000.0,XGBoost,270384.375
175000.0,XGBoost,250552.125
315001.0,XGBoost,268231.09375
430000.0,XGBoost,395560.71875
625000.0,XGBoost,417437.75
272925.0,XGBoost,307588.3125
315000.0,XGBoost,311625.6875
189900.0,XGBoost,210043.25
360000.0,XGBoost,286107.5625
413000.0,XGBoost,486163.03125
208000.0,XGBoost,243772.265625
505000.0,XGBoost,497616.125
520000.0,XGBoost,553556.0625
489000.0,XGBoost,502837.90625
603000.0,XGBoost,487451.34375
325000.0,XGBoost,312251.625
588000.0,XGBoost,627400.5625
580000.0,XGBoost,601875.625
490000.0,XGBoost,543633.625
345000.0,XGBoost,469009.9375
330000.0,XGBoost,309086.21875
1266520.0,XGBoost,1122977.0
775000.0,XGBoost,799865.875
330000.0,XGBoost,336137.0
319000.0,XGBoost,350559.375
245000.0,XGBoost,261558.671875
234000.0,XGBoost,187353.1875
875000.0,XGBoost,748791.9375
2320000.0,XGBoost,2431916.75
399000.0,XGBoost,384074.1875
550000.0,XGBoost,528819.75
1635000.0,XGBoost,1516268.375
425000.0,XGBoost,444937.3125
224000.0,XGBoost,286132.15625
266000.0,XGBoost,262432.15625
455000.0,XGBoost,332650.15625
175000.0,XGBoost,280360.84375
319950.0,XGBoost,323756.84375
465000.0,XGBoost,346664.9375
780000.0,XGBoost,737938.4375
557865.0,XGBoost,698405.625
258000.0,XGBoost,278185.6875
410000.0,XGBoost,384019.625
599950.0,XGBoost,462162.8125
1050000.0,XGBoost,873766.75
750000.0,XGBoost,850321.5625
545000.0,XGBoost,492311.9375
856000.0,XGBoost,603394.5625
749999.0,XGBoost,792820.4375
978500.0,XGBoost,1005519.0625
250000.0,XGBoost,236857.203125
751000.0,XGBoost,703357.1875
738000.0,XGBoost,704860.0
435000.0,XGBoost,386900.5
932808.0,XGBoost,1072883.5
475000.0,XGBoost,467044.1875
515000.0,XGBoost,452746.0
559000.0,XGBoost,617827.375
875000.0,XGBoost,651159.5
307000.0,XGBoost,331952.625
543000.0,XGBoost,512045.96875
280000.0,XGBoost,232609.5625
157340.0,XGBoost,181944.828125
692500.0,XGBoost,739647.125
199000.0,XGBoost,261426.0
570000.0,XGBoost,524432.25
1112500.0,XGBoost,1156952.375
576000.0,XGBoost,597849.9375
593000.0,XGBoost,610968.5
691000.0,XGBoost,740401.5
1012000.0,XGBoost,794875.125
915000.0,XGBoost,986588.8125
400000.0,XGBoost,429542.5625
329000.0,XGBoost,338587.65625
516500.0,XGBoost,452888.53125
275000.0,XGBoost,231512.3125
390000.0,XGBoost,413001.1875
400000.0,XGBoost,413636.59375
1125000.0,XGBoost,1158699.25
545000.0,XGBoost,559897.4375
460000.0,XGBoost,578346.8125
390000.0,XGBoost,471051.75
435000.0,XGBoost,421475.1875
1206690.0,XGBoost,1066724.25
339999.0,XGBoost,366057.59375
192500.0,XGBoost,244703.03125
257000.0,XGBoost,248192.234375
435000.0,XGBoost,456047.6875
731000.0,XGBoost,724036.1875
692500.0,XGBoost,645117.4375
422120.0,XGBoost,414267.4375
717500.0,XGBoost,753136.25
540000.0,XGBoost,613937.9375
856600.0,XGBoost,818809.125
349000.0,XGBoost,363693.46875
392500.0,XGBoost,419886.03125
679900.0,XGBoost,757196.5625
398000.0,XGBoost,394691.03125
699000.0,XGBoost,715957.9375
418000.0,XGBoost,376225.84375
375000.0,XGBoost,281539.78125
137900.0,XGBoost,221097.125
450000.0,XGBoost,426607.3125
355000.0,XGBoost,381690.90625
595000.0,XGBoost,671324.1875
340000.0,XGBoost,367580.71875
676500.0,XGBoost,618667.5625
845000.0,XGBoost,981392.875
760000.0,XGBoost,728714.8125
196900.0,XGBoost,171944.140625
335000.0,XGBoost,323346.125
197000.0,XGBoost,295431.21875
466000.0,XGBoost,355091.0
674950.0,XGBoost,689956.375
700000.0,XGBoost,801913.5625
610000.0,XGBoost,791355.75
725000.0,XGBoost,696117.5
803100.0,XGBoost,812167.4375
415000.0,XGBoost,439655.0625
377000.0,XGBoost,363476.0625
553000.0,XGBoost,423484.875
401000.0,XGBoost,418281.75
1325000.0,XGBoost,1690772.875
760000.0,XGBoost,823378.25
277000.0,XGBoost,355067.34375
1260000.0,XGBoost,1286236.625
624000.0,XGBoost,625952.4375
339888.0,XGBoost,326936.15625
355000.0,XGBoost,371037.5
480000.0,XGBoost,510136.75
263500.0,XGBoost,260582.671875
595000.0,XGBoost,578772.8125
450000.0,XGBoost,500410.59375
452000.0,XGBoost,455345.375
601450.0,XGBoost,615703.375
635000.0,XGBoost,666258.75
215000.0,XGBoost,241694.6875
969500.0,XGBoost,700376.625
450000.0,XGBoost,396071.84375
400000.0,XGBoost,577894.1875
235000.0,XGBoost,272715.0625
422250.0,XGBoost,489177.21875
760000.0,XGBoost,868491.3125
595000.0,XGBoost,532055.75
215000.0,XGBoost,198272.96875
549950.0,XGBoost,668754.75
209977.0,XGBoost,219758.46875
455000.0,XGBoost,428963.3125
498000.0,XGBoost,471650.46875
365000.0,XGBoost,278854.5
197500.0,XGBoost,274661.6875
630000.0,XGBoost,607983.25
178000.0,XGBoost,190356.9375
555000.0,XGBoost,485095.0625
540000.0,XGBoost,492085.21875
385000.0,XGBoost,390713.75
275000.0,XGBoost,213225.65625
570000.0,XGBoost,556720.375
950000.0,XGBoost,853973.75
645000.0,XGBoost,591106.8125
334900.0,XGBoost,381992.75
398096.0,XGBoost,390106.5
707500.0,XGBoost,616088.125
532500.0,XGBoost,433228.71875
532000.0,XGBoost,553388.6875
623000.0,XGBoost,561734.625
1100000.0,XGBoost,1182580.75
930000.0,XGBoost,1010863.0
316000.0,XGBoost,297545.125
370000.0,XGBoost,332744.375
482000.0,XGBoost,509254.0
949880.0,XGBoost,911512.1875
370000.0,XGBoost,396705.40625
440000.0,XGBoost,502344.1875
530000.0,XGBoost,583514.75
1035000.0,XGBoost,996221.25
419900.0,XGBoost,399398.75
515000.0,XGBoost,411054.1875
950000.0,XGBoost,881075.9375
625000.0,XGBoost,812319.375
230000.0,XGBoost,204490.1875
585000.0,XGBoost,590686.4375
340000.0,XGBoost,326473.8125
359950.0,XGBoost,348109.375
405000.0,XGBoost,455559.9375
987000.0,XGBoost,947760.5
716500.0,XGBoost,667843.375
464950.0,XGBoost,451887.125
289000.0,XGBoost,321834.625
360000.0,XGBoost,346257.5625
760000.0,XGBoost,636492.875
525000.0,XGBoost,483147.65625
438900.0,XGBoost,417762.3125
600000.0,XGBoost,509825.5
292000.0,XGBoost,281787.96875
1289990.0,XGBoost,1045816.6875
335500.0,XGBoost,356367.96875
430000.0,XGBoost,402771.65625
300000.0,XGBoost,320572.28125
640000.0,XGBoost,581079.5625
781500.0,XGBoost,775630.75
250000.0,XGBoost,280804.21875
250000.0,XGBoost,285685.25
265000.0,XGBoost,259592.765625
245000.0,XGBoost,137257.71875
687500.0,XGBoost,640472.0625
535000.0,XGBoost,495796.21875
475000.0,XGBoost,543239.1875
193000.0,XGBoost,236625.78125
345000.0,XGBoost,313774.34375
395000.0,XGBoost,392609.0
208000.0,XGBoost,195217.109375
450000.0,XGBoost,453986.4375
222000.0,XGBoost,275719.59375
538000.0,XGBoost,523927.375
269950.0,XGBoost,225968.890625
260000.0,XGBoost,237863.15625
1103990.0,XGBoost,999740.875
295000.0,XGBoost,294102.71875
775000.0,XGBoost,717569.75
312000.0,XGBoost,310601.5
545000.0,XGBoost,503207.25
580000.0,XGBoost,573400.875
179000.0,XGBoost,183288.796875
321000.0,XGBoost,315705.53125
415000.0,XGBoost,378120.03125
164950.0,XGBoost,321077.15625
715000.0,XGBoost,713887.3125
265950.0,XGBoost,230077.015625
275000.0,XGBoost,310496.375
437400.0,XGBoost,477852.21875
156601.0,XGBoost,267176.4375
772000.0,XGBoost,684252.875
641000.0,XGBoost,581471.5625
366000.0,XGBoost,393161.59375
920000.0,XGBoost,992752.0
313000.0,XGBoost,352026.40625
450000.0,XGBoost,398479.90625
295000.0,XGBoost,503271.59375
474950.0,XGBoost,451191.6875
198000.0,XGBoost,192951.578125
545000.0,XGBoost,508459.59375
204000.0,XGBoost,256308.921875
942500.0,XGBoost,779500.0625
205000.0,XGBoost,224277.109375
330000.0,XGBoost,381720.75
1898000.0,XGBoost,2000035.625
1013050.0,XGBoost,1031405.1875
350000.0,XGBoost,499208.90625
530000.0,XGBoost,566925.9375
729000.0,XGBoost,694961.3125
817500.0,XGBoost,809606.25
399000.0,XGBoost,316022.75
780000.0,XGBoost,862161.75
562000.0,XGBoost,547990.9375
950000.0,XGBoost,1049408.375
484000.0,XGBoost,414727.15625
700000.0,XGBoost,662034.125
272000.0,XGBoost,287936.3125
469000.0,XGBoost,396729.59375
469950.0,XGBoost,377638.25
487000.0,XGBoost,476718.875
399000.0,XGBoost,473010.8125
330000.0,XGBoost,372387.8125
835000.0,XGBoost,802725.375
2500000.0,XGBoost,1724977.375
933399.0,XGBoost,860948.1875
269950.0,XGBoost,315597.78125
865000.0,XGBoost,858389.4375
510000.0,XGBoost,457219.53125
890000.0,XGBoost,884942.0
365000.0,XGBoost,265807.125
291000.0,XGBoost,225734.765625
860000.0,XGBoost,928946.0625
710000.0,XGBoost,717089.5
399950.0,XGBoost,369779.625
331950.0,XGBoost,345731.90625
465000.0,XGBoost,400738.71875
699000.0,XGBoost,765626.375
580000.0,XGBoost,546207.0625
345000.0,XGBoost,532849.4375
704111.0,XGBoost,684282.875
607000.0,XGBoost,567999.0625
450000.0,XGBoost,512563.375
817500.0,XGBoost,709910.25
500000.0,XGBoost,449656.90625
250000.0,XGBoost,332758.03125
365000.0,XGBoost,347669.4375
219950.0,XGBoost,204354.296875
600000.0,XGBoost,556214.625
355425.0,XGBoost,461002.875
284000.0,XGBoost,291003.625
1195000.0,XGBoost,978529.3125
739888.0,XGBoost,850836.625
215000.0,XGBoost,204179.578125
260000.0,XGBoost,259282.984375
1290000.0,XGBoost,1127588.25
1045000.0,XGBoost,1052085.875
1099500.0,XGBoost,994388.375
510000.0,XGBoost,512334.625
442500.0,XGBoost,398574.90625
546000.0,XGBoost,772125.0625
880000.0,XGBoost,587121.75
261000.0,XGBoost,213993.875
1050000.0,XGBoost,1247631.5
485000.0,XGBoost,632698.9375
480000.0,XGBoost,551825.5625
520000.0,XGBoost,480950.21875
320000.0,XGBoost,289630.625
399900.0,XGBoost,403328.59375
356000.0,XGBoost,314213.03125
338150.0,XGBoost,325382.8125
615000.0,XGBoost,480199.0625
315000.0,XGBoost,327428.53125
970000.0,XGBoost,1003999.3125
294000.0,XGBoost,271721.5625
281000.0,XGBoost,279031.40625
679950.0,XGBoost,692600.5625
370000.0,XGBoost,324099.40625
700000.0,XGBoost,731107.3125
465750.0,XGBoost,431092.5625
625000.0,XGBoost,636443.125
792000.0,XGBoost,666983.5
163250.0,XGBoost,224135.140625
353000.0,XGBoost,327954.1875
1087500.0,XGBoost,854542.3125
430000.0,XGBoost,398707.25
571500.0,XGBoost,318623.46875
804100.0,XGBoost,768247.0
624000.0,XGBoost,563604.6875
385000.0,XGBoost,410184.8125
249000.0,XGBoost,233090.5625
389900.0,XGBoost,444934.75
575000.0,XGBoost,526510.0
560000.0,XGBoost,537453.3125
439950.0,XGBoost,482638.28125
1264000.0,XGBoost,1370608.0
540000.0,XGBoost,447514.84375
899000.0,XGBoost,971450.625
390000.0,XGBoost,493007.28125
539500.0,XGBoost,657056.875
278500.0,XGBoost,250303.484375
305000.0,XGBoost,340831.15625
530000.0,XGBoost,494023.90625
407000.0,XGBoost,445981.09375
1482500.0,XGBoost,1269201.875
299500.0,XGBoost,339784.5
589000.0,XGBoost,591617.75
370500.0,XGBoost,385223.8125
460000.0,XGBoost,497403.53125
415000.0,XGBoost,438598.875
157000.0,XGBoost,157814.765625
280400.0,XGBoost,273883.0
400000.0,XGBoost,371316.09375
304500.0,XGBoost,326863.21875
776000.0,XGBoost,626424.8125
820000.0,XGBoost,835180.125
568000.0,XGBoost,493972.53125
576000.0,XGBoost,568648.9375
384000.0,XGBoost,450729.40625
425000.0,XGBoost,353428.8125
475000.0,XGBoost,511222.84375
249900.0,XGBoost,244718.234375
276500.0,XGBoost,277443.03125
1325000.0,XGBoost,1450826.5
254922.0,XGBoost,253417.09375
700000.0,XGBoost,640910.75
702000.0,XGBoost,632484.75
357500.0,XGBoost,355113.375
650000.0,XGBoost,600797.375
420000.0,XGBoost,356645.03125
661000.0,XGBoost,591850.8125
740000.0,XGBoost,788107.5
250000.0,XGBoost,290666.0625
159075.0,XGBoost,240543.8125
725000.0,XGBoost,743401.4375
1795000.0,XGBoost,1568340.5
550000.0,XGBoost,492169.21875
195000.0,XGBoost,224156.953125
262000.0,XGBoost,261174.296875
1275000.0,XGBoost,1104343.375
319900.0,XGBoost,337816.78125
300000.0,XGBoost,287695.625
284000.0,XGBoost,310022.65625
554990.0,XGBoost,522933.53125
183000.0,XGBoost,211530.8125
652500.0,XGBoost,648514.4375
580000.0,XGBoost,501070.09375
561000.0,XGBoost,483759.90625
791000.0,XGBoost,726052.4375
500000.0,XGBoost,501984.0625
1205000.0,XGBoost,1187779.875
399500.0,XGBoost,379623.09375
347500.0,XGBoost,371824.625
330000.0,XGBoost,485679.25
621138.0,XGBoost,617627.625
273500.0,XGBoost,283680.8125
260000.0,XGBoost,319695.78125
690000.0,XGBoost,618746.5625
450000.0,XGBoost,397414.25
840000.0,XGBoost,824203.1875
540000.0,XGBoost,545394.5625
587500.0,XGBoost,594115.75
255000.0,XGBoost,249965.0
275900.0,XGBoost,238002.6875
440000.0,XGBoost,416094.3125
368500.0,XGBoost,375971.21875
299000.0,XGBoost,294390.90625
310000.0,XGBoost,303803.375
375000.0,XGBoost,388230.78125
415250.0,XGBoost,379451.5625
785000.0,XGBoost,724452.625
662500.0,XGBoost,631609.5625
390000.0,XGBoost,493394.84375
499900.0,XGBoost,492315.21875
408000.0,XGBoost,335522.40625
392500.0,XGBoost,379535.875
540000.0,XGBoost,525335.8125
517000.0,XGBoost,502118.15625
160000.0,XGBoost,220615.015625
149900.0,XGBoost,185845.921875
380000.0,XGBoost,517972.125
399950.0,XGBoost,451997.90625
290000.0,XGBoost,269668.46875
624000.0,XGBoost,557488.5625
397000.0,XGBoost,407313.09375
626000.0,XGBoost,537298.5625
270000.0,XGBoost,269177.6875
600000.0,XGBoost,440378.96875
201000.0,XGBoost,204302.671875
149000.0,XGBoost,236562.359375
580000.0,XGBoost,600400.5
465000.0,XGBoost,540743.6875
400000.0,XGBoost,275641.78125
372000.0,XGBoost,323826.625
280005.0,XGBoost,238201.390625
300000.0,XGBoost,312118.21875
515000.0,XGBoost,459815.21875
252500.0,XGBoost,270195.40625
215000.0,XGBoost,241495.15625
679000.0,XGBoost,614383.625
208000.0,XGBoost,189507.78125
272000.0,XGBoost,316268.4375
1410000.0,XGBoost,1045184.5625
760000.0,XGBoost,804097.625
699950.0,XGBoost,607696.3125
495200.0,XGBoost,450450.5
317500.0,XGBoost,353959.40625
695000.0,XGBoost,774618.6875
228000.0,XGBoost,248090.5
290000.0,XGBoost,307449.3125
435000.0,XGBoost,345987.5625
619000.0,XGBoost,665201.0
627000.0,XGBoost,564423.8125
802500.0,XGBoost,794625.0625
449900.0,XGBoost,448509.125
315000.0,XGBoost,274945.53125
1780000.0,XGBoost,1437607.25
317950.0,XGBoost,304317.78125
224000.0,XGBoost,247381.0
632500.0,XGBoost,587200.1875
400000.0,XGBoost,302987.4375
304000.0,XGBoost,303129.9375
521000.0,XGBoost,565304.625
780000.0,XGBoost,870238.25
752000.0,XGBoost,795639.625
388500.0,XGBoost,345788.96875
474905.0,XGBoost,469864.5625
200000.0,XGBoost,242376.28125
484000.0,XGBoost,457489.0625
475000.0,XGBoost,384337.65625
515000.0,XGBoost,474984.4375
372000.0,XGBoost,364558.8125
352500.0,XGBoost,324141.4375
490000.0,XGBoost,524317.8125
654000.0,XGBoost,554584.25
576250.0,XGBoost,606610.0
950000.0,XGBoost,731347.1875
240500.0,XGBoost,263880.25
332000.0,XGBoost,333127.9375
135000.0,XGBoost,191359.84375
930000.0,XGBoost,1039152.625
1230000.0,XGBoost,1084662.125
1338750.0,XGBoost,1069595.875
700000.0,XGBoost,717502.6875
1000000.0,XGBoost,1037823.625
542300.0,XGBoost,615042.5625
459000.0,XGBoost,406012.6875
350000.0,XGBoost,345213.0
385000.0,XGBoost,394514.53125
622500.0,XGBoost,634998.375
290000.0,XGBoost,335383.53125
622000.0,XGBoost,558319.125
420000.0,XGBoost,533050.6875
400000.0,XGBoost,419882.8125
490000.0,XGBoost,545773.875
477500.0,XGBoost,524816.0625
2250000.0,XGBoost,2559710.0
620000.0,XGBoost,571150.125
405000.0,XGBoost,378733.1875
215000.0,XGBoost,233274.703125
256000.0,XGBoost,242693.1875
1057000.0,XGBoost,912267.1875
730000.0,XGBoost,737088.125
207000.0,XGBoost,207178.671875
625000.0,XGBoost,601883.0
289659.0,XGBoost,308245.78125
375000.0,XGBoost,432725.75
930000.0,XGBoost,814357.8125
550000.0,XGBoost,500192.53125
333000.0,XGBoost,350286.03125
505000.0,XGBoost,416154.65625
270000.0,XGBoost,268397.1875
308950.0,XGBoost,291204.03125
5110800.0,XGBoost,4615521.5
325000.0,XGBoost,387614.03125
375000.0,XGBoost,358208.59375
200000.0,XGBoost,220431.609375
387000.0,XGBoost,321181.59375
280000.0,XGBoost,231083.0625
221700.0,XGBoost,274476.8125
390000.0,XGBoost,417501.40625
210000.0,XGBoost,229547.109375
522500.0,XGBoost,503965.125
399500.0,XGBoost,461213.09375
415000.0,XGBoost,423886.09375
625000.0,XGBoost,552006.125
677000.0,XGBoost,717603.1875
794154.0,XGBoost,716169.625
700000.0,XGBoost,559508.375
277000.0,XGBoost,255420.484375
770000.0,XGBoost,696961.8125
403000.0,XGBoost,544489.75
461000.0,XGBoost,648738.375
263000.0,XGBoost,434494.40625
507000.0,XGBoost,551456.3125
235500.0,XGBoost,289511.875
541125.0,XGBoost,620453.125
734000.0,XGBoost,726384.9375
495000.0,XGBoost,562206.75
618080.0,XGBoost,565946.0
237000.0,XGBoost,216290.5625
345000.0,XGBoost,333923.75
374500.0,XGBoost,382422.15625
399950.0,XGBoost,397021.78125
246000.0,XGBoost,255097.4375
329950.0,XGBoost,302470.34375
271000.0,XGBoost,218106.3125
335500.0,XGBoost,337163.40625
619000.0,XGBoost,599370.1875
360000.0,XGBoost,298060.5625
653450.0,XGBoost,614272.875
305000.0,XGBoost,380022.3125
300000.0,XGBoost,362477.03125
500000.0,XGBoost,474931.40625
435000.0,XGBoost,404678.28125
402000.0,XGBoost,396996.09375
440000.0,XGBoost,441662.59375
375000.0,XGBoost,396843.53125
245000.0,XGBoost,276264.15625
330000.0,XGBoost,297853.6875
552500.0,XGBoost,641430.5
565000.0,XGBoost,577381.375
399950.0,XGBoost,435572.25
1430000.0,XGBoost,1943480.5
352000.0,XGBoost,333028.84375
100000.0,XGBoost,198742.671875
354800.0,XGBoost,326005.5625
333000.0,XGBoost,361182.0
594950.0,XGBoost,647507.125
440000.0,XGBoost,541851.0
265000.0,XGBoost,344792.5
332000.0,XGBoost,315729.625
489950.0,XGBoost,509127.78125
210000.0,XGBoost,194417.265625
375000.0,XGBoost,426060.875
447500.0,XGBoost,455906.34375
335000.0,XGBoost,329026.21875
294000.0,XGBoost,272982.3125
930000.0,XGBoost,845326.4375
335000.0,XGBoost,353011.4375
258000.0,XGBoost,249143.453125
187000.0,XGBoost,219733.546875
525000.0,XGBoost,544880.9375
320000.0,XGBoost,313676.1875
449000.0,XGBoost,555094.875
760005.0,XGBoost,759407.3125
675000.0,XGBoost,802312.0625
830000.0,XGBoost,844040.6875
455800.0,XGBoost,482420.1875
225500.0,XGBoost,238584.03125
314500.0,XGBoost,319518.0625
220000.0,XGBoost,231525.34375
525000.0,XGBoost,565583.9375
471835.0,XGBoost,441463.40625
720000.0,XGBoost,528733.5
775000.0,XGBoost,680034.125
642000.0,XGBoost,546881.5625
285000.0,XGBoost,352469.5
666000.0,XGBoost,536599.0625
1164000.0,XGBoost,939774.3125
740000.0,XGBoost,807225.5625
1225000.0,XGBoost,1169039.5
330000.0,XGBoost,315387.46875
739900.0,XGBoost,756451.0625
325000.0,XGBoost,334987.84375
490000.0,XGBoost,716115.0
399888.0,XGBoost,381970.90625
280000.0,XGBoost,259318.078125
550000.0,XGBoost,561035.375
276000.0,XGBoost,289971.65625
217500.0,XGBoost,217745.34375
405000.0,XGBoost,383287.125
525000.0,XGBoost,429629.8125
410000.0,XGBoost,445987.03125
675000.0,XGBoost,592854.6875
1305000.0,XGBoost,1407033.125
650000.0,XGBoost,675185.5625
825000.0,XGBoost,992787.0625
995000.0,XGBoost,952155.1875
835000.0,XGBoost,834459.5625
300000.0,XGBoost,291229.59375
624950.0,XGBoost,597188.375
302860.0,XGBoost,357305.84375
299000.0,XGBoost,413447.25
355000.0,XGBoost,387631.8125
199000.0,XGBoost,258679.859375
440000.0,XGBoost,362128.75
230000.0,XGBoost,259691.296875
689000.0,XGBoost,669457.3125
428750.0,XGBoost,563987.0
550000.0,XGBoost,497984.03125
936000.0,XGBoost,1006503.4375
450000.0,XGBoost,476717.9375
400000.0,XGBoost,376650.90625
295000.0,XGBoost,322490.59375
459000.0,XGBoost,406780.46875
695000.0,XGBoost,704714.875
589000.0,XGBoost,601094.3125
300000.0,XGBoost,316692.84375
286950.0,XGBoost,279575.875
78000.0,XGBoost,123172.0390625
246950.0,XGBoost,249197.609375
275000.0,XGBoost,217972.0
260000.0,XGBoost,294450.4375
310000.0,XGBoost,283209.375
480500.0,XGBoost,490437.9375
249000.0,XGBoost,321880.09375
529000.0,XGBoost,514471.34375
270000.0,XGBoost,308090.625
365000.0,XGBoost,356109.75
699000.0,XGBoost,769053.3125
369500.0,XGBoost,347715.21875
615000.0,XGBoost,616093.4375
472500.0,XGBoost,734398.75
380000.0,XGBoost,461621.0
905000.0,XGBoost,1030477.125
329000.0,XGBoost,264343.96875
510000.0,XGBoost,606314.4375
245000.0,XGBoost,271861.8125
1100000.0,XGBoost,942329.4375
583500.0,XGBoost,558658.375
245000.0,XGBoost,238832.140625
932990.0,XGBoost,913042.625
605000.0,XGBoost,470210.125
599380.0,XGBoost,565433.5
810000.0,XGBoost,772726.25
370000.0,XGBoost,348307.0
246000.0,XGBoost,330759.09375
280000.0,XGBoost,364708.6875
215000.0,XGBoost,220360.78125
535000.0,XGBoost,593901.0
898000.0,XGBoost,857501.625
490000.0,XGBoost,556542.5625
525000.0,XGBoost,706423.9375
271000.0,XGBoost,303394.84375
325000.0,XGBoost,400386.84375
897500.0,XGBoost,1067537.375
605000.0,XGBoost,482119.84375
360000.0,XGBoost,458390.03125
225000.0,XGBoost,158313.40625
960000.0,XGBoost,1044814.75
209000.0,XGBoost,185848.5625
679000.0,XGBoost,616213.875
787888.0,XGBoost,864807.625
565000.0,XGBoost,564158.5625
175000.0,XGBoost,310262.5
615000.0,XGBoost,570580.0625
850000.0,XGBoost,745975.8125
320000.0,XGBoost,293797.71875
312000.0,XGBoost,302434.3125
470000.0,XGBoost,435861.46875
530000.0,XGBoost,415998.3125
545000.0,XGBoost,448477.40625
403950.0,XGBoost,397021.78125
560000.0,XGBoost,551377.4375
1050000.0,XGBoost,976566.0
1325000.0,XGBoost,977040.125
352500.0,XGBoost,391254.4375
653000.0,XGBoost,633709.1875
244900.0,XGBoost,245410.6875
369000.0,XGBoost,408987.5625
341000.0,XGBoost,367339.625
2230000.0,XGBoost,1921783.625
932800.0,XGBoost,977219.0625
283200.0,XGBoost,329219.875
613000.0,XGBoost,655192.25
290000.0,XGBoost,289939.59375
605000.0,XGBoost,642568.6875
216000.0,XGBoost,230652.84375
780000.0,XGBoost,808149.875
830000.0,XGBoost,576259.6875
160000.0,XGBoost,228690.765625
287000.0,XGBoost,262837.1875
602000.0,XGBoost,699822.4375
252000.0,XGBoost,245350.546875
300000.0,XGBoost,305863.03125
850000.0,XGBoost,859092.0625
431650.0,XGBoost,461597.65625
710000.0,XGBoost,792239.25
675000.0,XGBoost,689823.4375
260000.0,XGBoost,403864.0
378950.0,XGBoost,352804.46875
577450.0,XGBoost,542422.875
180000.0,XGBoost,251428.65625
550000.0,XGBoost,416459.96875
212500.0,XGBoost,213617.46875
390000.0,XGBoost,319859.84375
233500.0,XGBoost,204226.890625
390000.0,XGBoost,356216.40625
273500.0,XGBoost,256008.203125
125000.0,XGBoost,178299.140625
399900.0,XGBoost,403951.03125
563950.0,XGBoost,572937.3125
960000.0,XGBoost,1013591.9375
1400000.0,XGBoost,1161642.375
471000.0,XGBoost,433872.0625
1015000.0,XGBoost,703180.125
330000.0,XGBoost,355398.625
470000.0,XGBoost,415755.59375
192500.0,XGBoost,243674.203125
247200.0,XGBoost,218271.125
533000.0,XGBoost,609708.9375
475000.0,XGBoost,459188.96875
907000.0,XGBoost,849280.1875
860000.0,XGBoost,893899.125
452000.0,XGBoost,483630.78125
350000.0,XGBoost,316301.34375
696000.0,XGBoost,839341.75
249000.0,XGBoost,301846.5
259500.0,XGBoost,279558.78125
358000.0,XGBoost,412792.875
506000.0,XGBoost,496618.15625
525000.0,XGBoost,550170.375
1225000.0,XGBoost,1278623.375
860000.0,XGBoost,695220.5
205000.0,XGBoost,293090.8125
240000.0,XGBoost,242204.390625
375000.0,XGBoost,414622.0
290000.0,XGBoost,351304.6875
220000.0,XGBoost,191241.265625
304000.0,XGBoost,295210.125
1564350.0,XGBoost,1540838.0
282000.0,XGBoost,273891.375
1454000.0,XGBoost,1318683.0
731500.0,XGBoost,723833.25
249900.0,XGBoost,240670.453125
325000.0,XGBoost,319775.96875
530000.0,XGBoost,522708.65625
600000.0,XGBoost,486465.40625
750000.0,XGBoost,750582.1875
880000.0,XGBoost,724874.1875
465000.0,XGBoost,276935.75
517000.0,XGBoost,593466.1875
115000.0,XGBoost,151642.953125
275000.0,XGBoost,329667.90625
830000.0,XGBoost,790584.875
390000.0,XGBoost,417795.8125
430000.0,XGBoost,409370.40625
1289000.0,XGBoost,942938.0
850000.0,XGBoost,907307.6875
325000.0,XGBoost,419924.0625
428400.0,XGBoost,395836.15625
252000.0,XGBoost,252401.1875
851000.0,XGBoost,807936.375
351000.0,XGBoost,350328.78125
465000.0,XGBoost,435047.90625
715000.0,XGBoost,704478.25
425000.0,XGBoost,384557.625
488500.0,XGBoost,439583.375
268000.0,XGBoost,260478.078125
715000.0,XGBoost,731684.875
368000.0,XGBoost,402377.75
549995.0,XGBoost,528374.625
655000.0,XGBoost,632509.5
695000.0,XGBoost,912709.125
650000.0,XGBoost,610841.5
669000.0,XGBoost,517801.21875
342000.0,XGBoost,332274.09375
562100.0,XGBoost,583896.0
850000.0,XGBoost,795867.3125
495000.0,XGBoost,535405.5
517534.0,XGBoost,354722.09375
580000.0,XGBoost,641667.875
217000.0,XGBoost,229254.8125
915000.0,XGBoost,751916.1875
529950.0,XGBoost,528442.125
409950.0,XGBoost,388293.6875
402000.0,XGBoost,446180.59375
667500.0,XGBoost,883158.0625
262500.0,XGBoost,230929.296875
560000.0,XGBoost,478815.25
365000.0,XGBoost,567895.0625
552500.0,XGBoost,549662.6875
878000.0,XGBoost,919726.4375
620000.0,XGBoost,699873.8125
489500.0,XGBoost,533568.375
430000.0,XGBoost,426462.09375
550000.0,XGBoost,612857.5
470000.0,XGBoost,339127.3125
205000.0,XGBoost,219838.75
335000.0,XGBoost,299083.34375
298000.0,XGBoost,284751.1875
880000.0,XGBoost,1077576.75
309950.0,XGBoost,257104.078125
482000.0,XGBoost,519778.25
571900.0,XGBoost,480819.03125
256703.0,XGBoost,244066.765625
998000.0,XGBoost,1129978.125
383000.0,XGBoost,315746.1875
349950.0,XGBoost,319536.96875
264950.0,XGBoost,324857.53125
1920000.0,XGBoost,1634416.0
650000.0,XGBoost,643026.5625
362000.0,XGBoost,380918.90625
92000.0,XGBoost,135451.53125
1285000.0,XGBoost,1146956.5
505000.0,XGBoost,509939.25
623000.0,XGBoost,661866.875
310000.0,XGBoost,318807.65625
245000.0,XGBoost,254934.734375
795000.0,XGBoost,737690.125
379950.0,XGBoost,368437.0625
405000.0,XGBoost,490425.8125
299000.0,XGBoost,304624.71875
299500.0,XGBoost,293912.3125
530000.0,XGBoost,575394.8125
520000.0,XGBoost,546817.4375
368000.0,XGBoost,346752.25
1600000.0,XGBoost,1323006.125
555000.0,XGBoost,577334.0
320000.0,XGBoost,329016.1875
573500.0,XGBoost,599021.0625
491950.0,XGBoost,582013.0
640000.0,XGBoost,645819.875
570000.0,XGBoost,441457.0625
674250.0,XGBoost,615636.4375
158550.0,XGBoost,238759.515625
690000.0,XGBoost,694157.25
386000.0,XGBoost,367578.25
378500.0,XGBoost,394049.03125
557500.0,XGBoost,545389.375
265000.0,XGBoost,281646.65625
460000.0,XGBoost,463538.28125
599000.0,XGBoost,599797.875
1155000.0,XGBoost,1036769.0
435000.0,XGBoost,320333.90625
275250.0,XGBoost,280914.3125
495000.0,XGBoost,442698.25
465000.0,XGBoost,466346.3125
600000.0,XGBoost,578145.0
550000.0,XGBoost,637185.875
400000.0,XGBoost,524188.8125
500000.0,XGBoost,613764.0625
455000.0,XGBoost,409326.3125
675000.0,XGBoost,628237.5625
180000.0,XGBoost,199430.546875
413565.0,XGBoost,425102.59375
675000.0,XGBoost,656949.75
482500.0,XGBoost,451891.0625
589500.0,XGBoost,442689.0
235000.0,XGBoost,253491.296875
950000.0,XGBoost,836159.625
748000.0,XGBoost,768352.4375
571500.0,XGBoost,460036.6875
475000.0,XGBoost,499742.40625
250000.0,XGBoost,264436.75
502775.0,XGBoost,452680.78125
357000.0,XGBoost,708685.125
616000.0,XGBoost,636241.0
390000.0,XGBoost,431012.8125
340000.0,XGBoost,394978.34375
362000.0,XGBoost,366761.34375
385000.0,XGBoost,400461.71875
436000.0,XGBoost,473401.625
319000.0,XGBoost,364037.71875
267000.0,XGBoost,240242.296875
336500.0,XGBoost,346146.28125
531800.0,XGBoost,499667.59375
677790.0,XGBoost,743620.4375
425000.0,XGBoost,401024.65625
355000.0,XGBoost,374098.5
240415.0,XGBoost,226232.8125
485000.0,XGBoost,555272.8125
305000.0,XGBoost,297367.5
675000.0,XGBoost,647010.1875
1047000.0,XGBoost,1246612.25
215000.0,XGBoost,197864.03125
800000.0,XGBoost,763046.625
675000.0,XGBoost,652578.125
265000.0,XGBoost,337143.46875
325000.0,XGBoost,294939.4375
430760.0,XGBoost,400715.375
232000.0,XGBoost,218350.046875
265000.0,XGBoost,307788.4375
315000.0,XGBoost,293775.875
635000.0,XGBoost,618010.0625
555000.0,XGBoost,653994.25
450000.0,XGBoost,479438.96875
251000.0,XGBoost,177820.96875
895950.0,XGBoost,837557.0625
1563100.0,XGBoost,1663326.875
338995.0,XGBoost,329311.59375
1150000.0,XGBoost,1224011.25
255000.0,XGBoost,313692.9375
460000.0,XGBoost,422153.0
600000.0,XGBoost,565753.375
355000.0,XGBoost,311989.6875
270000.0,XGBoost,291970.4375
655000.0,XGBoost,538156.5
775000.0,XGBoost,676107.0
250000.0,XGBoost,250663.484375
667000.0,XGBoost,536999.4375
258000.0,XGBoost,244715.859375
454000.0,XGBoost,481740.21875
212500.0,XGBoost,190919.265625
347000.0,XGBoost,347731.78125
169575.0,XGBoost,204181.90625
179500.0,XGBoost,170757.921875
329950.0,XGBoost,328868.40625
240000.0,XGBoost,277450.1875
364000.0,XGBoost,394022.6875
562000.0,XGBoost,562465.25
466000.0,XGBoost,471336.1875
427000.0,XGBoost,466583.0
409900.0,XGBoost,466028.90625
585083.0,XGBoost,630006.3125
323000.0,XGBoost,355690.25
427874.0,XGBoost,450563.53125
340000.0,XGBoost,289960.3125
185850.0,XGBoost,281248.0625
267300.0,XGBoost,325408.875
485000.0,XGBoost,548495.0
258000.0,XGBoost,248597.09375
684000.0,XGBoost,674493.0625
699900.0,XGBoost,677692.4375
540000.0,XGBoost,567428.4375
294999.0,XGBoost,259915.28125
240000.0,XGBoost,273738.09375
282000.0,XGBoost,222556.1875
1680000.0,XGBoost,1263716.0
188000.0,XGBoost,259064.5
545000.0,XGBoost,446911.78125
625000.0,XGBoost,623845.75
389990.0,XGBoost,364544.59375
650000.0,XGBoost,768957.1875
428000.0,XGBoost,413329.8125
210000.0,XGBoost,204342.421875
499000.0,XGBoost,388348.53125
740000.0,XGBoost,752859.0625
195000.0,XGBoost,198694.703125
529000.0,XGBoost,512190.0625
629500.0,XGBoost,683375.125
530000.0,XGBoost,660743.625
765000.0,XGBoost,777063.4375
255000.0,XGBoost,303946.8125
739000.0,XGBoost,802914.5
590300.0,XGBoost,466124.0
194990.0,XGBoost,316984.71875
560000.0,XGBoost,481711.71875
697000.0,XGBoost,641039.75
287000.0,XGBoost,273334.53125
580000.0,XGBoost,584091.5
465000.0,XGBoost,496652.28125
348000.0,XGBoost,323871.6875
375000.0,XGBoost,320205.34375
293467.0,XGBoost,358398.25
611000.0,XGBoost,669746.625
780000.0,XGBoost,772756.4375
1139990.0,XGBoost,933618.625
480000.0,XGBoost,484200.6875
355000.0,XGBoost,399646.78125
525000.0,XGBoost,525872.6875
1065000.0,XGBoost,1015221.0625
360000.0,XGBoost,391426.84375
465000.0,XGBoost,403180.9375
366000.0,XGBoost,323173.5
269950.0,XGBoost,275356.96875
580000.0,XGBoost,567814.375
270000.0,XGBoost,306680.59375
211000.0,XGBoost,238343.1875
770000.0,XGBoost,1006277.875
540000.0,XGBoost,720950.0625
716500.0,XGBoost,735094.5
120000.0,XGBoost,155111.953125
790000.0,XGBoost,675562.3125
211000.0,XGBoost,226904.359375
891000.0,XGBoost,774575.1875
799000.0,XGBoost,930933.625
365000.0,XGBoost,345265.6875
350000.0,XGBoost,364936.5625
460000.0,XGBoost,443395.875
430000.0,XGBoost,423175.65625
700000.0,XGBoost,537239.125
210000.0,XGBoost,430582.25
199950.0,XGBoost,224282.25
390000.0,XGBoost,422248.84375
900000.0,XGBoost,828444.4375
415000.0,XGBoost,390504.375
608095.0,XGBoost,864647.6875
1465000.0,XGBoost,1569949.25
270000.0,XGBoost,238542.59375
592000.0,XGBoost,541906.3125
598200.0,XGBoost,681869.9375
1865000.0,XGBoost,1385401.375
680000.0,XGBoost,678419.25
445000.0,XGBoost,498131.28125
662000.0,XGBoost,643019.25
370000.0,XGBoost,372792.53125
341500.0,XGBoost,349419.84375
440000.0,XGBoost,417097.53125
495000.0,XGBoost,480973.125
370000.0,XGBoost,384618.15625
450000.0,XGBoost,439127.53125
824000.0,XGBoost,679173.375
1150000.0,XGBoost,611345.0625
1250000.0,XGBoost,1102740.625
580000.0,XGBoost,590460.5625
460000.0,XGBoost,337329.03125
390500.0,XGBoost,311101.3125
479950.0,XGBoost,477872.78125
410000.0,XGBoost,475931.1875
2193000.0,XGBoost,1652039.375
835000.0,XGBoost,750001.25
657500.0,XGBoost,607618.625
303697.0,XGBoost,451049.75
365000.0,XGBoost,388918.15625
489950.0,XGBoost,345147.5
320000.0,XGBoost,284517.71875
1010000.0,XGBoost,1043627.6875
789500.0,XGBoost,768621.375
1260000.0,XGBoost,1113915.0
408000.0,XGBoost,363927.65625
521900.0,XGBoost,535456.0625
425000.0,XGBoost,393224.28125
336500.0,XGBoost,347642.25
640000.0,XGBoost,611011.0
345000.0,XGBoost,341791.34375
560000.0,XGBoost,685440.9375
615000.0,XGBoost,552880.1875
927000.0,XGBoost,1345308.625
352499.0,XGBoost,347813.375
315000.0,XGBoost,350560.03125
342000.0,XGBoost,354501.28125
510000.0,XGBoost,316042.0
383000.0,XGBoost,596594.5625
465000.0,XGBoost,454310.84375
550000.0,XGBoost,533688.5
350000.0,XGBoost,378376.875
1028000.0,XGBoost,1089979.625
360000.0,XGBoost,338639.3125
729000.0,XGBoost,704368.8125
568000.0,XGBoost,506747.40625
344950.0,XGBoost,371671.46875
1565000.0,XGBoost,1197621.125
545000.0,XGBoost,593624.625
389950.0,XGBoost,410991.4375
455000.0,XGBoost,516397.25
745000.0,XGBoost,800996.375
962800.0,XGBoost,849765.5
570000.0,XGBoost,592837.1875
470000.0,XGBoost,435428.15625
178500.0,XGBoost,218209.921875
652500.0,XGBoost,467399.78125
1679000.0,XGBoost,1552178.25
569950.0,XGBoost,542343.1875
1110000.0,XGBoost,867871.1875
635000.0,XGBoost,674332.9375
3000000.0,XGBoost,2494857.25
490000.0,XGBoost,497371.34375
445000.0,XGBoost,370867.71875
505000.0,XGBoost,442492.28125
2187730.0,XGBoost,2305005.75
598500.0,XGBoost,625108.375
325900.0,XGBoost,303164.03125
599000.0,XGBoost,756723.875
357000.0,XGBoost,363949.875
710000.0,XGBoost,844416.75
252000.0,XGBoost,246634.515625
825000.0,XGBoost,800511.5
540000.0,XGBoost,370936.6875
380000.0,XGBoost,441035.90625
660000.0,XGBoost,630627.25
194900.0,XGBoost,160319.09375
384000.0,XGBoost,353430.84375
470000.0,XGBoost,436286.875
318000.0,XGBoost,323076.71875
420000.0,XGBoost,428266.0
230000.0,XGBoost,212222.453125
522000.0,XGBoost,465350.71875
437500.0,XGBoost,523781.0
338950.0,XGBoost,293658.1875
647500.0,XGBoost,495024.65625
765000.0,XGBoost,734926.25
509250.0,XGBoost,494336.84375
465250.0,XGBoost,435869.40625
426000.0,XGBoost,355678.40625
720000.0,XGBoost,600452.625
810000.0,XGBoost,801372.25
685000.0,XGBoost,633140.75
307000.0,XGBoost,281668.6875
151000.0,XGBoost,162547.5625
286300.0,XGBoost,298363.15625
525000.0,XGBoost,570426.125
270000.0,XGBoost,305969.5625
544500.0,XGBoost,571140.3125
625000.0,XGBoost,779379.6875
368500.0,XGBoost,378301.46875
245000.0,XGBoost,248649.96875
710000.0,XGBoost,657528.9375
635500.0,XGBoost,598754.8125
325000.0,XGBoost,351747.875
719000.0,XGBoost,610090.4375
226450.0,XGBoost,217342.21875
548500.0,XGBoost,489757.40625
840000.0,XGBoost,749116.9375
440000.0,XGBoost,407795.375
228000.0,XGBoost,273632.09375
567500.0,XGBoost,571523.875
462500.0,XGBoost,443108.0
1199000.0,XGBoost,1054132.75
415000.0,XGBoost,355735.03125
320000.0,XGBoost,322178.28125
550000.0,XGBoost,573101.25
1220000.0,XGBoost,1524326.75
375000.0,XGBoost,405679.4375
255000.0,XGBoost,275100.53125
638000.0,XGBoost,614516.0625
749000.0,XGBoost,825736.625
503000.0,XGBoost,532498.9375
1457000.0,XGBoost,1107563.5
316000.0,XGBoost,271049.1875
210000.0,XGBoost,208984.46875
575000.0,XGBoost,581445.0
218000.0,XGBoost,253013.328125
425000.0,XGBoost,468286.3125
290000.0,XGBoost,445347.375
440000.0,XGBoost,414558.28125
299500.0,XGBoost,297151.78125
540000.0,XGBoost,520739.8125
855000.0,XGBoost,759971.0625
339950.0,XGBoost,335814.0
170000.0,XGBoost,258033.578125
550000.0,XGBoost,606234.0625
649950.0,XGBoost,603739.375
630000.0,XGBoost,680808.25
721000.0,XGBoost,713433.3125
950000.0,XGBoost,828671.25
312620.0,XGBoost,272814.71875
270000.0,XGBoost,285805.40625
405000.0,XGBoost,416484.5625
500000.0,XGBoost,556901.4375
819000.0,XGBoost,602676.75
500000.0,XGBoost,562054.5
605000.0,XGBoost,570435.9375
653675.0,XGBoost,734052.75
469775.0,XGBoost,580064.1875
290000.0,XGBoost,351714.34375
525000.0,XGBoost,511735.46875
900000.0,XGBoost,835114.8125
459000.0,XGBoost,543051.75
450000.0,XGBoost,363218.9375
3850000.0,XGBoost,2784714.5
950000.0,XGBoost,845419.125
401000.0,XGBoost,386783.9375
631000.0,XGBoost,688358.625
320000.0,XGBoost,339327.875
280000.0,XGBoost,244808.546875
505000.0,XGBoost,557877.375
550000.0,XGBoost,552072.4375
320000.0,XGBoost,356945.84375
619000.0,XGBoost,791878.1875
240000.0,XGBoost,239938.703125
250000.0,XGBoost,232263.34375
1125000.0,XGBoost,1112745.875
256000.0,XGBoost,303113.4375
749000.0,XGBoost,770330.5
922755.0,XGBoost,878233.625
240000.0,XGBoost,172791.046875
366000.0,XGBoost,279359.71875
917500.0,XGBoost,1089462.125
1150000.0,XGBoost,1022363.3125
651000.0,XGBoost,650186.5
318000.0,XGBoost,316598.9375
1625000.0,XGBoost,1884242.75
1950000.0,XGBoost,1269077.25
350000.0,XGBoost,499848.25
199000.0,XGBoost,231577.703125
240000.0,XGBoost,267334.0
583000.0,XGBoost,608332.375
2140000.0,XGBoost,2115932.75
310000.0,XGBoost,297455.4375
316000.0,XGBoost,369779.625
668000.0,XGBoost,650585.3125
480000.0,XGBoost,419116.6875
288400.0,XGBoost,287230.65625
220000.0,XGBoost,419658.6875
690000.0,XGBoost,729364.9375
490000.0,XGBoost,483160.0625
264000.0,XGBoost,267356.65625
537250.0,XGBoost,523503.34375
289950.0,XGBoost,273682.46875
299500.0,XGBoost,258588.828125
550000.0,XGBoost,542435.3125
322500.0,XGBoost,310899.3125
750000.0,XGBoost,740752.5625
442515.0,XGBoost,442748.5
1175000.0,XGBoost,979189.3125
500000.0,XGBoost,539990.3125
732000.0,XGBoost,768046.1875
539000.0,XGBoost,498330.875
545000.0,XGBoost,547463.875
665000.0,XGBoost,636508.125
850000.0,XGBoost,866424.0
382500.0,XGBoost,408491.0
339950.0,XGBoost,256797.53125
299000.0,XGBoost,341576.9375
660000.0,XGBoost,735896.1875
667000.0,XGBoost,533575.625
288790.0,XGBoost,315406.71875
415000.0,XGBoost,409833.65625
275000.0,XGBoost,254776.296875
525000.0,XGBoost,566560.5625
295000.0,XGBoost,258983.953125
635000.0,XGBoost,650960.8125
549950.0,XGBoost,638750.125
250000.0,XGBoost,273261.8125
905000.0,XGBoost,996545.25
450000.0,XGBoost,432059.40625
831500.0,XGBoost,852295.25
397990.0,XGBoost,407010.96875
237000.0,XGBoost,237021.25
330000.0,XGBoost,311308.75
311600.0,XGBoost,308706.1875
538200.0,XGBoost,487033.125
280000.0,XGBoost,396156.0625
670000.0,XGBoost,686672.1875
400000.0,XGBoost,457130.625
399950.0,XGBoost,422215.8125
268500.0,XGBoost,253121.203125
802000.0,XGBoost,642870.25
254000.0,XGBoost,180334.828125
408000.0,XGBoost,468528.40625
380000.0,XGBoost,440213.0625
305000.0,XGBoost,304361.59375
299800.0,XGBoost,247111.265625
1311000.0,XGBoost,1238921.5
397450.0,XGBoost,362041.71875
425000.0,XGBoost,385556.09375
230000.0,XGBoost,233984.578125
818900.0,XGBoost,509472.125
490000.0,XGBoost,469499.9375
590000.0,XGBoost,745188.0625
540000.0,XGBoost,601016.9375
550000.0,XGBoost,518515.25
193000.0,XGBoost,199195.03125
715000.0,XGBoost,826990.375
334950.0,XGBoost,314227.6875
380950.0,XGBoost,305385.0625
324950.0,XGBoost,348853.46875
1500000.0,XGBoost,1529599.75
550500.0,XGBoost,516863.34375
410988.0,XGBoost,353713.40625
700000.0,XGBoost,759717.4375
350000.0,XGBoost,369599.4375
490000.0,XGBoost,541563.75
2400000.0,XGBoost,1627693.125
376000.0,XGBoost,374932.84375
510000.0,XGBoost,517740.53125
1295000.0,XGBoost,1198216.25
717000.0,XGBoost,488237.15625
603000.0,XGBoost,653035.75
273500.0,XGBoost,251520.046875
315000.0,XGBoost,316151.78125
710000.0,XGBoost,816051.8125
439000.0,XGBoost,418204.0
346000.0,XGBoost,342615.40625
968000.0,XGBoost,1201886.5
330000.0,XGBoost,407976.3125
3300000.0,XGBoost,2941452.0
212000.0,XGBoost,261360.921875
1050000.0,XGBoost,1030727.6875
1720000.0,XGBoost,1312304.75
309780.0,XGBoost,324816.0625
249900.0,XGBoost,238212.734375
785200.0,XGBoost,640801.4375
671000.0,XGBoost,729499.875
1393000.0,XGBoost,1404377.375
350000.0,XGBoost,413043.3125
490000.0,XGBoost,432841.3125
910000.0,XGBoost,788267.5
1165000.0,XGBoost,1123125.875
3100000.0,XGBoost,3096859.25
599000.0,XGBoost,593480.3125
800000.0,XGBoost,777251.625
555000.0,XGBoost,569446.125
850000.0,XGBoost,781312.375
177000.0,XGBoost,228603.546875
255000.0,XGBoost,258946.1875
505000.0,XGBoost,752716.9375
2300000.0,XGBoost,2886221.25
850000.0,XGBoost,947214.625
400000.0,XGBoost,375118.09375
550000.0,XGBoost,468349.28125
580000.0,XGBoost,545467.875
405000.0,XGBoost,416835.03125
600000.0,XGBoost,600315.1875
361600.0,XGBoost,354439.0625
329000.0,XGBoost,333186.375
406500.0,XGBoost,398490.1875
710000.0,XGBoost,526282.5625
395000.0,XGBoost,386508.875
998000.0,XGBoost,802958.125
538900.0,XGBoost,608854.125
459000.0,XGBoost,452626.0
330950.0,XGBoost,321476.96875
437500.0,XGBoost,464505.65625
314000.0,XGBoost,379169.78125
890000.0,XGBoost,721411.5
525000.0,XGBoost,549021.4375
240000.0,XGBoost,251717.765625
451000.0,XGBoost,366309.0
471000.0,XGBoost,465118.65625
746000.0,XGBoost,656143.9375
195000.0,XGBoost,332641.28125
265000.0,XGBoost,266718.75
468000.0,XGBoost,432914.375
355000.0,XGBoost,328763.6875
600000.0,XGBoost,417808.96875
870000.0,XGBoost,816626.375
775000.0,XGBoost,461147.59375
430000.0,XGBoost,405737.875
353950.0,XGBoost,366112.03125
195000.0,XGBoost,195268.296875
345000.0,XGBoost,280482.53125
625000.0,XGBoost,550415.9375
359000.0,XGBoost,346749.25
250000.0,XGBoost,375821.375
795000.0,XGBoost,850810.75
265000.0,XGBoost,226161.84375
409950.0,XGBoost,412043.21875
390000.0,XGBoost,381109.65625
395000.0,XGBoost,362100.78125
599000.0,XGBoost,564593.4375
300000.0,XGBoost,296007.6875
708000.0,XGBoost,553121.75
1775000.0,XGBoost,1697638.125
524500.0,XGBoost,556266.625
817000.0,XGBoost,816148.25
600000.0,XGBoost,540093.8125
365000.0,XGBoost,357320.125
1520000.0,XGBoost,1429734.625
610000.0,XGBoost,594785.1875
265000.0,XGBoost,273390.28125
375000.0,XGBoost,346560.84375
225000.0,XGBoost,221717.296875
352500.0,XGBoost,418577.46875
265000.0,XGBoost,343424.71875
870000.0,XGBoost,1230937.75
540000.0,XGBoost,723003.875
615000.0,XGBoost,572709.5
1095000.0,XGBoost,1131220.25
445000.0,XGBoost,508450.875
960000.0,XGBoost,1003047.0625
289000.0,XGBoost,318662.0625
337000.0,XGBoost,372057.3125
180000.0,XGBoost,183009.671875
879000.0,XGBoost,865113.625
344900.0,XGBoost,314228.0
216000.0,XGBoost,238846.5
930000.0,XGBoost,707182.25
200000.0,XGBoost,270830.3125
147500.0,XGBoost,232813.515625
765000.0,XGBoost,724078.25
465000.0,XGBoost,497547.34375
435000.0,XGBoost,427218.0
2384000.0,XGBoost,2286956.75
569000.0,XGBoost,532983.125
795000.0,XGBoost,850011.0
459950.0,XGBoost,389884.4375
376000.0,XGBoost,303195.84375
390000.0,XGBoost,341868.625
260000.0,XGBoost,245688.890625
618000.0,XGBoost,590159.4375
379900.0,XGBoost,407283.59375
685000.0,XGBoost,628087.875
235000.0,XGBoost,206843.4375
545000.0,XGBoost,551769.3125
509900.0,XGBoost,541349.5
368000.0,XGBoost,394953.875
495000.0,XGBoost,535932.6875
293000.0,XGBoost,339754.34375
378000.0,XGBoost,392620.1875
334000.0,XGBoost,326301.96875
370000.0,XGBoost,398473.4375
655000.0,XGBoost,569305.5
294000.0,XGBoost,264942.0625
255000.0,XGBoost,226833.84375
950000.0,XGBoost,801975.5
890900.0,XGBoost,792278.5
330000.0,XGBoost,269175.65625
210000.0,XGBoost,223068.5
685000.0,XGBoost,723195.625
549000.0,XGBoost,422347.09375
2850000.0,XGBoost,1490872.875
650000.0,XGBoost,699923.875
422000.0,XGBoost,361892.96875
381000.0,XGBoost,383331.75
625000.0,XGBoost,661127.4375
778983.0,XGBoost,745141.75
691100.0,XGBoost,662618.375
540000.0,XGBoost,525074.875
590000.0,XGBoost,528198.75
790000.0,XGBoost,778075.5625
203000.0,XGBoost,257010.6875
180000.0,XGBoost,208126.046875
250000.0,XGBoost,221596.140625
499950.0,XGBoost,472327.0
327000.0,XGBoost,285222.71875
393000.0,XGBoost,342008.1875
1075000.0,XGBoost,1111006.875
498500.0,XGBoost,438344.28125
490000.0,XGBoost,575025.5625
635000.0,XGBoost,572742.8125
387500.0,XGBoost,586699.8125
390000.0,XGBoost,411907.65625
275000.0,XGBoost,299855.90625
420000.0,XGBoost,537570.25
251000.0,XGBoost,233751.703125
637500.0,XGBoost,694353.1875
222000.0,XGBoost,216841.1875
460000.0,XGBoost,451048.84375
570000.0,XGBoost,429049.6875
173250.0,XGBoost,239327.84375
530200.0,XGBoost,583285.5
2250000.0,XGBoost,2393252.25
641500.0,XGBoost,452917.4375
860000.0,XGBoost,624180.1875
440000.0,XGBoost,504780.46875
340000.0,XGBoost,320283.21875
418900.0,XGBoost,344882.625
615000.0,XGBoost,559414.4375
248000.0,XGBoost,233686.171875
698000.0,XGBoost,652237.8125
238000.0,XGBoost,222982.578125
370000.0,XGBoost,488675.46875
490000.0,XGBoost,478846.75
329950.0,XGBoost,313498.5625
655000.0,XGBoost,662821.875
325000.0,XGBoost,410343.6875
950000.0,XGBoost,826581.25
348000.0,XGBoost,414625.15625
1030000.0,XGBoost,1025968.3125
568000.0,XGBoost,493708.78125
395000.0,XGBoost,359780.40625
850000.0,XGBoost,923896.9375
649000.0,XGBoost,657589.125
279000.0,XGBoost,250151.0
435000.0,XGBoost,453630.6875
555000.0,XGBoost,600116.5625
260000.0,XGBoost,257035.671875
909500.0,XGBoost,909355.5625
406000.0,XGBoost,337594.21875
570000.0,XGBoost,543482.3125
865000.0,XGBoost,838436.125
300000.0,XGBoost,301663.46875
616000.0,XGBoost,662243.75
126500.0,XGBoost,201829.875
850000.0,XGBoost,916778.8125
600000.0,XGBoost,485188.03125
485000.0,XGBoost,473208.46875
475000.0,XGBoost,406474.875
839950.0,XGBoost,832964.8125
530000.0,XGBoost,495376.03125
950000.0,XGBoost,1101231.5
320000.0,XGBoost,346451.78125
751000.0,XGBoost,686398.5625
439888.0,XGBoost,481543.625
1068000.0,XGBoost,998168.875
1650000.0,XGBoost,1634635.75
655000.0,XGBoost,618517.125
366500.0,XGBoost,421705.5625
716000.0,XGBoost,726381.4375
500000.0,XGBoost,484469.53125
329500.0,XGBoost,325357.0625
355500.0,XGBoost,387983.5
770000.0,XGBoost,821155.9375
695000.0,XGBoost,735755.125
252000.0,XGBoost,238983.4375
272000.0,XGBoost,293690.125
750000.0,XGBoost,736026.8125
340000.0,XGBoost,324680.40625
389000.0,XGBoost,379564.84375
461000.0,XGBoost,476116.40625
312000.0,XGBoost,509067.09375
295000.0,XGBoost,271000.0625
640000.0,XGBoost,646243.6875
640000.0,XGBoost,567938.4375
811000.0,XGBoost,732465.4375
345000.0,XGBoost,295795.1875
750000.0,XGBoost,680730.375
210000.0,XGBoost,200709.46875
502000.0,XGBoost,605581.1875
2680000.0,XGBoost,2523122.5
147500.0,XGBoost,209366.6875
1280000.0,XGBoost,1176938.25
1200000.0,XGBoost,1103497.0
600000.0,XGBoost,686195.0625
650000.0,XGBoost,871188.1875
326250.0,XGBoost,332519.78125
282000.0,XGBoost,332667.59375
282950.0,XGBoost,221471.5
429900.0,XGBoost,386885.03125
307500.0,XGBoost,325139.90625
815000.0,XGBoost,770356.25
660500.0,XGBoost,700688.5625
572000.0,XGBoost,551134.0
3300000.0,XGBoost,3170755.75
340000.0,XGBoost,384319.6875
580000.0,XGBoost,513914.25
925000.0,XGBoost,1108064.25
449000.0,XGBoost,414893.75
491500.0,XGBoost,428988.28125
700000.0,XGBoost,656731.8125
460000.0,XGBoost,508903.5
869950.0,XGBoost,845536.8125
1031000.0,XGBoost,817925.625
498800.0,XGBoost,459433.375
450000.0,XGBoost,418520.0
355000.0,XGBoost,480535.71875
267000.0,XGBoost,305766.8125
762000.0,XGBoost,725591.5
452950.0,XGBoost,452499.9375
815000.0,XGBoost,617680.625
580135.0,XGBoost,566088.0
417250.0,XGBoost,430133.6875
950000.0,XGBoost,1276857.75
467000.0,XGBoost,451665.6875
479000.0,XGBoost,484672.40625
375000.0,XGBoost,366036.28125
476000.0,XGBoost,491674.28125
895000.0,XGBoost,856833.0625
198500.0,XGBoost,218836.375
437000.0,XGBoost,482706.875
545000.0,XGBoost,569628.125
490000.0,XGBoost,497581.03125
749000.0,XGBoost,760084.0625
539000.0,XGBoost,512898.8125
1375000.0,XGBoost,1322125.75
252000.0,XGBoost,274072.6875
579000.0,XGBoost,667979.0625
321500.0,XGBoost,298888.875
543000.0,XGBoost,598306.8125
380000.0,XGBoost,388240.75
475000.0,XGBoost,467592.84375
354950.0,XGBoost,353454.09375
620000.0,XGBoost,635791.5
450000.0,XGBoost,424487.625
703770.0,XGBoost,702589.625
705000.0,XGBoost,846433.25
810000.0,XGBoost,757648.125
570000.0,XGBoost,545220.375
517500.0,XGBoost,649729.0625
450000.0,XGBoost,498532.375
771000.0,XGBoost,839603.5
499950.0,XGBoost,498928.125
640000.0,XGBoost,668699.3125
1900000.0,XGBoost,1048240.0625
300000.0,XGBoost,274267.75
245000.0,XGBoost,259198.4375
320000.0,XGBoost,292345.15625
420000.0,XGBoost,404932.65625
535000.0,XGBoost,659178.9375
807100.0,XGBoost,777149.3125
233000.0,XGBoost,315614.65625
311000.0,XGBoost,300325.84375
560000.0,XGBoost,606596.125
345000.0,XGBoost,434754.25
539000.0,XGBoost,491716.4375
184000.0,XGBoost,223368.875
705000.0,XGBoost,689597.875
549000.0,XGBoost,540402.4375
937500.0,XGBoost,848444.6875
604000.0,XGBoost,733944.9375
342000.0,XGBoost,343424.71875
415000.0,XGBoost,433007.3125
395000.0,XGBoost,379320.21875
415000.0,XGBoost,446249.96875
436000.0,XGBoost,471313.6875
330000.0,XGBoost,361079.375
385000.0,XGBoost,411758.4375
316000.0,XGBoost,334746.71875
639000.0,XGBoost,564321.625
375000.0,XGBoost,388724.21875
665000.0,XGBoost,725399.8125
542500.0,XGBoost,601727.5625
1220000.0,XGBoost,1073398.25
747500.0,XGBoost,780566.875
229950.0,XGBoost,299973.15625
394000.0,XGBoost,407885.25
235000.0,XGBoost,248745.078125
352000.0,XGBoost,354861.84375
365000.0,XGBoost,344110.5625
480000.0,XGBoost,471924.46875
1215000.0,XGBoost,1075746.125
950000.0,XGBoost,870178.4375
678500.0,XGBoost,661785.375
640000.0,XGBoost,670397.8125
329900.0,XGBoost,401697.1875
925000.0,XGBoost,863507.9375
393000.0,XGBoost,469954.1875
194000.0,XGBoost,187255.3125
580000.0,XGBoost,480391.84375
312500.0,XGBoost,354718.03125
998000.0,XGBoost,991123.9375
619000.0,XGBoost,602402.125
562500.0,XGBoost,515810.53125
1695000.0,XGBoost,1247925.375
285000.0,XGBoost,260632.875
710000.0,XGBoost,744143.3125
449000.0,XGBoost,388378.5
253000.0,XGBoost,277960.28125
279950.0,XGBoost,293912.625
315000.0,XGBoost,356098.875
542000.0,XGBoost,432889.1875
665000.0,XGBoost,643269.5
245000.0,XGBoost,260530.5
540000.0,XGBoost,484173.0
277500.0,XGBoost,278106.09375
290000.0,XGBoost,294234.5625
627500.0,XGBoost,666431.5625
309620.0,XGBoost,364062.71875
612000.0,XGBoost,562757.125
541338.0,XGBoost,499661.4375
285000.0,XGBoost,328379.8125
536000.0,XGBoost,486736.90625
810000.0,XGBoost,944814.0
235000.0,XGBoost,262529.03125
367500.0,XGBoost,259173.71875
405000.0,XGBoost,442695.75
1175000.0,XGBoost,914432.5
507200.0,XGBoost,633050.8125
526000.0,XGBoost,456857.3125
230000.0,XGBoost,272132.875
285000.0,XGBoost,236221.0625
650000.0,XGBoost,667980.3125
450000.0,XGBoost,540743.6875
515000.0,XGBoost,447370.21875
538000.0,XGBoost,495389.71875
500000.0,XGBoost,574600.75
450000.0,XGBoost,465286.8125
431000.0,XGBoost,403070.59375
440000.0,XGBoost,433134.53125
472000.0,XGBoost,532514.625
350000.0,XGBoost,384009.71875
550000.0,XGBoost,474840.375
267500.0,XGBoost,301190.90625
270000.0,XGBoost,262564.59375
333000.0,XGBoost,257162.6875
375000.0,XGBoost,259324.546875
320000.0,XGBoost,368784.03125
520000.0,XGBoost,505955.4375
375000.0,XGBoost,392091.5
585000.0,XGBoost,567096.25
435500.0,XGBoost,436927.3125
125000.0,XGBoost,301734.84375
670000.0,XGBoost,677258.3125
465000.0,XGBoost,473271.1875
1395000.0,XGBoost,897461.875
715000.0,XGBoost,782154.0625
588000.0,XGBoost,582538.9375
242000.0,XGBoost,214022.828125
459000.0,XGBoost,422502.1875
375000.0,XGBoost,430979.9375
410000.0,XGBoost,412783.4375
1085000.0,XGBoost,1101214.625
259950.0,XGBoost,225530.5625
360000.0,XGBoost,331251.875
875000.0,XGBoost,762682.875
635000.0,XGBoost,640528.25
1200000.0,XGBoost,1119445.25
230000.0,XGBoost,148286.203125
546000.0,XGBoost,505518.46875
422500.0,XGBoost,391209.28125
285000.0,XGBoost,317548.71875
359000.0,XGBoost,406468.3125
710000.0,XGBoost,783616.0
413107.0,XGBoost,437804.875
239950.0,XGBoost,220076.84375
259000.0,XGBoost,245126.515625
429000.0,XGBoost,460769.09375
865000.0,XGBoost,892674.875
595000.0,XGBoost,654408.5625
399950.0,XGBoost,402243.46875
235000.0,XGBoost,285877.90625
635000.0,XGBoost,664880.6875
280000.0,XGBoost,342991.65625
675000.0,XGBoost,744186.5625
340000.0,XGBoost,350265.3125
497000.0,XGBoost,618054.25
190000.0,XGBoost,194313.109375
548000.0,XGBoost,635069.8125
349000.0,XGBoost,324797.46875
575000.0,XGBoost,531655.0625
230000.0,XGBoost,284468.09375
353000.0,XGBoost,369177.78125
540000.0,XGBoost,615492.0625
277500.0,XGBoost,257872.9375
882566.0,XGBoost,857471.5
530000.0,XGBoost,563532.125
330000.0,XGBoost,276268.375
220000.0,XGBoost,212346.359375
319000.0,XGBoost,395861.125
234000.0,XGBoost,235220.03125
440000.0,XGBoost,458498.90625
800000.0,XGBoost,719111.125
580000.0,XGBoost,570468.625
299000.0,XGBoost,317821.9375
329000.0,XGBoost,287394.78125
612500.0,XGBoost,652598.0625
160000.0,XGBoost,275135.40625
825000.0,XGBoost,790510.1875
432000.0,XGBoost,472392.8125
565000.0,XGBoost,533630.5
290000.0,XGBoost,294036.8125
900000.0,XGBoost,968316.9375
250000.0,XGBoost,291954.0
440000.0,XGBoost,485099.6875
625000.0,XGBoost,549907.5625
865000.0,XGBoost,823947.0
525000.0,XGBoost,398157.4375
490000.0,XGBoost,409591.40625
230000.0,XGBoost,197897.984375
1270000.0,XGBoost,1582393.75
1307000.0,XGBoost,1208701.625
361550.0,XGBoost,316080.0
504200.0,XGBoost,495594.34375
272167.0,XGBoost,502716.59375
420000.0,XGBoost,383028.09375
607500.0,XGBoost,648698.1875
879950.0,XGBoost,827153.625
435000.0,XGBoost,567274.1875
329500.0,XGBoost,370770.09375
390000.0,XGBoost,417747.59375
389000.0,XGBoost,485796.4375
247500.0,XGBoost,241989.21875
498000.0,XGBoost,554580.625
368500.0,XGBoost,342703.59375
474000.0,XGBoost,284809.28125
526000.0,XGBoost,512619.59375
460000.0,XGBoost,504870.0
306500.0,XGBoost,291650.6875
334950.0,XGBoost,328425.53125
459000.0,XGBoost,431071.21875
580000.0,XGBoost,549064.375
1240000.0,XGBoost,1161736.5
680000.0,XGBoost,661657.9375
775950.0,XGBoost,794552.3125
268500.0,XGBoost,256867.59375
375000.0,XGBoost,416353.15625
1370000.0,XGBoost,1201389.125
478000.0,XGBoost,476525.21875
250000.0,XGBoost,312558.5
1400000.0,XGBoost,1547137.125
200000.0,XGBoost,198100.40625
453000.0,XGBoost,503412.21875
822500.0,XGBoost,741627.5625
350000.0,XGBoost,331693.75
820000.0,XGBoost,765268.625
1200000.0,XGBoost,1544771.0
590000.0,XGBoost,634859.6875
399950.0,XGBoost,408682.6875
500000.0,XGBoost,470947.0625
650100.0,XGBoost,567601.0625
835000.0,XGBoost,723233.5625
410000.0,XGBoost,442594.875
539950.0,XGBoost,496878.71875
570000.0,XGBoost,519289.28125
778100.0,XGBoost,489537.5
210000.0,XGBoost,151231.796875
499000.0,XGBoost,468394.84375
565000.0,XGBoost,558806.5625
310000.0,XGBoost,359483.0625
209000.0,XGBoost,195053.890625
215000.0,XGBoost,255681.265625
320000.0,XGBoost,332291.21875
462550.0,XGBoost,466085.375
510000.0,XGBoost,423680.375
1025000.0,XGBoost,899117.0
320000.0,XGBoost,404101.3125
380500.0,XGBoost,404164.90625
1620500.0,XGBoost,1617853.375
1415000.0,XGBoost,1235701.375
615000.0,XGBoost,684361.875
276000.0,XGBoost,370298.03125
430000.0,XGBoost,419039.96875
279900.0,XGBoost,261895.375
280000.0,XGBoost,321184.03125
380000.0,XGBoost,437782.78125
527000.0,XGBoost,526875.125
480000.0,XGBoost,408710.71875
645500.0,XGBoost,637702.625
395825.0,XGBoost,467330.25
520000.0,XGBoost,491158.3125
550000.0,XGBoost,676232.125
430000.0,XGBoost,536758.75
496752.0,XGBoost,604679.125
425000.0,XGBoost,419394.625
505000.0,XGBoost,469653.0625
209000.0,XGBoost,194585.875
465000.0,XGBoost,445693.65625
799900.0,XGBoost,877856.0
318000.0,XGBoost,390190.9375
369990.0,XGBoost,323590.4375
323000.0,XGBoost,321451.84375
670000.0,XGBoost,648121.25
733000.0,XGBoost,744250.5
490500.0,XGBoost,483655.1875
805000.0,XGBoost,623999.875
335000.0,XGBoost,342381.84375
577500.0,XGBoost,740561.875
423000.0,XGBoost,409166.625
550000.0,XGBoost,555875.75
205000.0,XGBoost,216014.34375
1430000.0,XGBoost,1084079.875
220000.0,XGBoost,201335.984375
1003000.0,XGBoost,850866.75
659000.0,XGBoost,717284.4375
1648000.0,XGBoost,1753131.125
445000.0,XGBoost,442848.1875
1490000.0,XGBoost,1429284.75
460000.0,XGBoost,447552.84375
742500.0,XGBoost,699512.8125
309600.0,XGBoost,315943.78125
171000.0,XGBoost,226915.1875
338900.0,XGBoost,288468.1875
517100.0,XGBoost,481403.53125
383610.0,XGBoost,323846.375
780500.0,XGBoost,727480.25
215000.0,XGBoost,251944.0
580000.0,XGBoost,620538.9375
440000.0,XGBoost,399137.15625
560000.0,XGBoost,529311.6875
269500.0,XGBoost,265308.6875
451000.0,XGBoost,498752.5625
430000.0,XGBoost,437506.0625
263000.0,XGBoost,221702.671875
413450.0,XGBoost,403744.625
183750.0,XGBoost,284416.53125
385000.0,XGBoost,398755.9375
325000.0,XGBoost,336240.25
286000.0,XGBoost,255902.265625
234000.0,XGBoost,246099.984375
405000.0,XGBoost,296899.96875
203700.0,XGBoost,237803.953125
799000.0,XGBoost,842641.25
330000.0,XGBoost,311683.375
600000.0,XGBoost,858936.4375
230000.0,XGBoost,246550.3125
225000.0,XGBoost,281796.53125
160000.0,XGBoost,189748.65625
525000.0,XGBoost,554643.5
575000.0,XGBoost,454087.78125
1350000.0,XGBoost,1069008.5
595000.0,XGBoost,577365.375
270000.0,XGBoost,268507.78125
652000.0,XGBoost,617529.875
801501.0,XGBoost,755781.1875
374000.0,XGBoost,370512.46875
390000.0,XGBoost,399641.4375
425000.0,XGBoost,450362.84375
240000.0,XGBoost,296810.46875
310000.0,XGBoost,308657.34375
1100000.0,XGBoost,1137447.0
425000.0,XGBoost,362025.5
470000.0,XGBoost,544960.4375
1780000.0,XGBoost,1688174.0
950000.0,XGBoost,1222720.875
810000.0,XGBoost,821850.0625
430000.0,XGBoost,316626.6875
245000.0,XGBoost,248443.046875
490000.0,XGBoost,503273.53125
765000.0,XGBoost,991515.3125
346300.0,XGBoost,348959.96875
440000.0,XGBoost,399080.8125
445000.0,XGBoost,490278.46875
930000.0,XGBoost,885944.3125
595000.0,XGBoost,545804.5625
375000.0,XGBoost,339427.90625
510000.0,XGBoost,433950.28125
342500.0,XGBoost,373511.34375
1385000.0,XGBoost,1498174.5
711777.0,XGBoost,582904.625
452000.0,XGBoost,387036.3125
549000.0,XGBoost,543381.1875
439000.0,XGBoost,426453.53125
1575000.0,XGBoost,1317495.0
858000.0,XGBoost,605805.25
545000.0,XGBoost,562380.5
358000.0,XGBoost,359257.53125
390000.0,XGBoost,386212.625
812000.0,XGBoost,878798.3125
818000.0,XGBoost,735635.875
765000.0,XGBoost,547111.5625
467000.0,XGBoost,501211.5625
690000.0,XGBoost,585871.75
340000.0,XGBoost,279211.625
337500.0,XGBoost,376057.28125
499990.0,XGBoost,502408.875
405000.0,XGBoost,316114.34375
279900.0,XGBoost,248172.84375
213500.0,XGBoost,222257.109375
305000.0,XGBoost,307933.1875
562500.0,XGBoost,526657.625
244900.0,XGBoost,152221.375
1280600.0,XGBoost,1162050.125
411500.0,XGBoost,361329.78125
180000.0,XGBoost,172535.984375
339950.0,XGBoost,369900.25
702000.0,XGBoost,719652.4375
894400.0,XGBoost,827935.0
690000.0,XGBoost,529761.625
317000.0,XGBoost,308912.6875
136500.0,XGBoost,209706.390625
865000.0,XGBoost,762581.75
822500.0,XGBoost,869829.125
518000.0,XGBoost,498110.4375
353500.0,XGBoost,325267.65625
654000.0,XGBoost,630026.1875
430000.0,XGBoost,477784.375
435000.0,XGBoost,431382.5
500000.0,XGBoost,512453.34375
317000.0,XGBoost,326699.28125
607500.0,XGBoost,496503.125
372500.0,XGBoost,355460.65625
310000.0,XGBoost,250753.15625
399950.0,XGBoost,357670.96875
354000.0,XGBoost,374788.75
585000.0,XGBoost,402193.1875
563225.0,XGBoost,651529.75
485000.0,XGBoost,464837.96875
550000.0,XGBoost,572986.5
415000.0,XGBoost,434333.21875
212000.0,XGBoost,231428.203125
550000.0,XGBoost,471940.71875
265000.0,XGBoost,261944.578125
225000.0,XGBoost,268948.34375
2544750.0,XGBoost,2414994.0
386500.0,XGBoost,423145.34375
545000.0,XGBoost,517731.125
620000.0,XGBoost,546324.25
330000.0,XGBoost,309287.59375
585000.0,XGBoost,716188.0625
811500.0,XGBoost,794381.875
717550.0,XGBoost,806656.875
663000.0,XGBoost,605975.75
370000.0,XGBoost,433477.0625
880000.0,XGBoost,753800.9375
1600000.0,XGBoost,1807909.0
380000.0,XGBoost,462112.59375
475000.0,XGBoost,458403.125
165000.0,XGBoost,199588.078125
606500.0,XGBoost,586672.375
206000.0,XGBoost,247354.8125
998000.0,XGBoost,842150.375
769000.0,XGBoost,775511.6875
300000.0,XGBoost,274531.53125
620000.0,XGBoost,601470.5
283500.0,XGBoost,268642.5
725000.0,XGBoost,831777.3125
413900.0,XGBoost,359271.5625
732500.0,XGBoost,695159.5625
292000.0,XGBoost,283467.15625
565000.0,XGBoost,552758.375
443600.0,XGBoost,459088.71875
550000.0,XGBoost,465269.0625
386000.0,XGBoost,361894.0
631000.0,XGBoost,572194.1875
724000.0,XGBoost,657556.5625
425000.0,XGBoost,417665.53125
290000.0,XGBoost,245069.703125
504600.0,XGBoost,616845.875
595000.0,XGBoost,537673.8125
511000.0,XGBoost,459605.625
250000.0,XGBoost,290785.5625
384000.0,XGBoost,419571.0
1285000.0,XGBoost,1472167.875
300000.0,XGBoost,290204.3125
357250.0,XGBoost,351640.5625
725000.0,XGBoost,838788.0
130000.0,XGBoost,260915.140625
500000.0,XGBoost,518859.59375
490000.0,XGBoost,473586.34375
324950.0,XGBoost,340744.6875
780000.0,XGBoost,789661.6875
988500.0,XGBoost,771559.8125
4208000.0,XGBoost,3322144.0
805000.0,XGBoost,754987.25
385000.0,XGBoost,331348.21875
420000.0,XGBoost,442446.71875
563500.0,XGBoost,500820.65625
462500.0,XGBoost,455146.9375
519000.0,XGBoost,468507.90625
175000.0,XGBoost,250589.625
1875000.0,XGBoost,1579872.625
850000.0,XGBoost,724753.9375
602000.0,XGBoost,584457.625
182700.0,XGBoost,217626.171875
520000.0,XGBoost,500569.53125
599000.0,XGBoost,705205.625
258000.0,XGBoost,267032.25
552321.0,XGBoost,534577.9375
500000.0,XGBoost,446746.5
721500.0,XGBoost,792306.5
280000.0,XGBoost,298028.4375
405000.0,XGBoost,417778.65625
645000.0,XGBoost,674944.75
400000.0,XGBoost,505048.1875
1570000.0,XGBoost,1358667.5
608000.0,XGBoost,609102.1875
344000.0,XGBoost,362352.96875
107000.0,XGBoost,237414.4375
1440000.0,XGBoost,1359751.125
494900.0,XGBoost,528868.625
419190.0,XGBoost,485512.0625
210000.0,XGBoost,235408.984375
465000.0,XGBoost,464003.53125
200000.0,XGBoost,403056.34375
480000.0,XGBoost,465521.15625
935000.0,XGBoost,1081978.0
305000.0,XGBoost,288781.15625
720000.0,XGBoost,687761.5
197400.0,XGBoost,251578.578125
725000.0,XGBoost,731150.5
460000.0,XGBoost,435633.78125
1095000.0,XGBoost,1057032.0
432000.0,XGBoost,390520.75
643000.0,XGBoost,448100.0
895000.0,XGBoost,1045575.375
260000.0,XGBoost,228467.125
972000.0,XGBoost,1027115.6875
437500.0,XGBoost,524018.3125
845000.0,XGBoost,787419.3125
280000.0,XGBoost,284065.75
398500.0,XGBoost,392341.34375
535000.0,XGBoost,538497.9375
651000.0,XGBoost,631557.125
695000.0,XGBoost,742139.8125
819000.0,XGBoost,578348.0
555000.0,XGBoost,504940.75
1112000.0,XGBoost,1029833.5625
295000.0,XGBoost,265915.625
530000.0,XGBoost,465814.25
743000.0,XGBoost,838930.4375
273000.0,XGBoost,224825.328125
781000.0,XGBoost,695477.8125
325000.0,XGBoost,341716.40625
295000.0,XGBoost,281411.1875
228800.0,XGBoost,248998.3125
194000.0,XGBoost,262227.03125
605000.0,XGBoost,641047.125
374500.0,XGBoost,386203.4375
600000.0,XGBoost,629178.875
225000.0,XGBoost,201312.359375
383000.0,XGBoost,360905.84375
415000.0,XGBoost,414532.21875
467500.0,XGBoost,475352.40625
385000.0,XGBoost,443909.5
235000.0,XGBoost,299826.46875
269900.0,XGBoost,271791.5625
375000.0,XGBoost,301236.53125
346000.0,XGBoost,315786.84375
840000.0,XGBoost,781799.875
402000.0,XGBoost,350094.3125
398000.0,XGBoost,382710.75
340000.0,XGBoost,277939.0625
387500.0,XGBoost,416783.78125
586000.0,XGBoost,599911.6875
672500.0,XGBoost,672779.6875
500000.0,XGBoost,551390.5625
538000.0,XGBoost,549104.1875
255000.0,XGBoost,243817.390625
417000.0,XGBoost,347506.03125
399900.0,XGBoost,512688.46875
265000.0,XGBoost,290651.375
880000.0,XGBoost,879341.625
237000.0,XGBoost,249482.984375
309000.0,XGBoost,347101.625
359950.0,XGBoost,375078.75
722800.0,XGBoost,800871.875
489000.0,XGBoost,410955.40625
315000.0,XGBoost,279150.90625
485000.0,XGBoost,546916.5
165000.0,XGBoost,207383.453125
700000.0,XGBoost,670488.5625
489950.0,XGBoost,537256.5625
1149000.0,XGBoost,1232976.125
570000.0,XGBoost,573187.5625
1375000.0,XGBoost,1304993.875
535000.0,XGBoost,491800.875
481000.0,XGBoost,507529.0
324800.0,XGBoost,294759.75
405000.0,XGBoost,397905.71875
482500.0,XGBoost,564335.0625
323000.0,XGBoost,278134.21875
232000.0,XGBoost,221924.171875
704000.0,XGBoost,661977.875
375000.0,XGBoost,379577.15625
381800.0,XGBoost,364979.40625
437000.0,XGBoost,438616.875
590000.0,XGBoost,482093.65625
220000.0,XGBoost,187147.453125
283000.0,XGBoost,250582.703125
572500.0,XGBoost,589998.9375
435000.0,XGBoost,392897.40625
550000.0,XGBoost,616980.625
410000.0,XGBoost,416322.21875
557500.0,XGBoost,624274.25
630000.0,XGBoost,593884.5625
249950.0,XGBoost,243536.65625
740000.0,XGBoost,765933.75
415000.0,XGBoost,431538.4375
291500.0,XGBoost,329247.5
368000.0,XGBoost,375420.5
1340000.0,XGBoost,1204021.5
562000.0,XGBoost,634899.0625
550000.0,XGBoost,391313.34375
151000.0,XGBoost,192988.578125
730000.0,XGBoost,772012.4375
241250.0,XGBoost,234320.625
815000.0,XGBoost,657766.0
447000.0,XGBoost,415019.5625
350000.0,XGBoost,335828.4375
559900.0,XGBoost,597900.625
367000.0,XGBoost,384463.03125
392000.0,XGBoost,368782.625
387500.0,XGBoost,332638.71875
326500.0,XGBoost,359487.84375
389000.0,XGBoost,423377.03125
435000.0,XGBoost,435854.84375
1255000.0,XGBoost,1168132.375
1240420.0,XGBoost,1725762.125
424000.0,XGBoost,434028.5
414000.0,XGBoost,428630.875
305000.0,XGBoost,314759.75
898000.0,XGBoost,852027.0
645000.0,XGBoost,475644.4375
470000.0,XGBoost,489695.75
483500.0,XGBoost,501331.0625
595000.0,XGBoost,493803.9375
685100.0,XGBoost,661194.9375
355000.0,XGBoost,298978.40625
530000.0,XGBoost,571522.8125
842500.0,XGBoost,906895.9375
725000.0,XGBoost,711063.375
515000.0,XGBoost,497150.78125
175000.0,XGBoost,272820.4375
300000.0,XGBoost,321158.90625
550000.0,XGBoost,596450.6875
225000.0,XGBoost,201967.921875
279000.0,XGBoost,223052.75
435000.0,XGBoost,423350.8125
590000.0,XGBoost,545501.1875
330000.0,XGBoost,356978.1875
600000.0,XGBoost,575378.875
710000.0,XGBoost,645126.6875
412000.0,XGBoost,340642.65625
247000.0,XGBoost,253722.734375
525000.0,XGBoost,470690.21875
1038000.0,XGBoost,793953.875
390000.0,XGBoost,426950.8125
760250.0,XGBoost,803289.8125
879000.0,XGBoost,956387.875
267500.0,XGBoost,280004.15625
1450000.0,XGBoost,1247304.25
310000.0,XGBoost,294733.0625
825000.0,XGBoost,912425.5
489950.0,XGBoost,454753.0
419000.0,XGBoost,475552.34375
777700.0,XGBoost,755882.125
345000.0,XGBoost,324423.15625
312200.0,XGBoost,369764.84375
460000.0,XGBoost,409492.625
1250000.0,XGBoost,1019067.25
385000.0,XGBoost,358747.40625
360000.0,XGBoost,349171.375
368000.0,XGBoost,343347.09375
445000.0,XGBoost,489829.8125
525000.0,XGBoost,557075.125
460000.0,XGBoost,486845.53125
270000.0,XGBoost,284159.8125
208000.0,XGBoost,157859.328125
433200.0,XGBoost,451123.71875
315000.0,XGBoost,282006.8125
561000.0,XGBoost,509895.5
402200.0,XGBoost,408782.875
222900.0,XGBoost,197152.234375
415000.0,XGBoost,392167.03125
425000.0,XGBoost,522271.65625
196000.0,XGBoost,199641.0
309000.0,XGBoost,320092.375
421000.0,XGBoost,396220.3125
1034500.0,XGBoost,906054.75
940000.0,XGBoost,894060.25
1705000.0,XGBoost,1642809.125
682000.0,XGBoost,713637.5
325000.0,XGBoost,330775.15625
380000.0,XGBoost,388421.84375
358000.0,XGBoost,378371.8125
260000.0,XGBoost,247855.421875
350000.0,XGBoost,320395.3125
341500.0,XGBoost,268260.03125
1070000.0,XGBoost,835756.125
340000.0,XGBoost,353900.3125
250000.0,XGBoost,220333.671875
367000.0,XGBoost,269303.53125
295700.0,XGBoost,266101.5625
269500.0,XGBoost,299722.40625
750000.0,XGBoost,853835.3125
250000.0,XGBoost,234226.359375
561000.0,XGBoost,536539.75
144975.0,XGBoost,148845.421875
1234570.0,XGBoost,1131468.375
420000.0,XGBoost,428820.5625
600000.0,XGBoost,601479.625
269950.0,XGBoost,231225.71875
301000.0,XGBoost,338563.75
239950.0,XGBoost,225965.234375
521000.0,XGBoost,479158.75
717000.0,XGBoost,699004.0
445000.0,XGBoost,422021.78125
237500.0,XGBoost,251853.921875
645000.0,XGBoost,638745.875
1350000.0,XGBoost,939204.5
450000.0,XGBoost,460016.5
639500.0,XGBoost,577644.625
460000.0,XGBoost,409913.84375
397500.0,XGBoost,398400.875
518000.0,XGBoost,477812.15625
439900.0,XGBoost,491768.0625
705640.0,XGBoost,740189.6875
699999.0,XGBoost,590675.75
570000.0,XGBoost,549117.75
232000.0,XGBoost,219370.453125
582800.0,XGBoost,578142.25
299000.0,XGBoost,246584.40625
1085000.0,XGBoost,1265737.5
370000.0,XGBoost,447904.28125
449000.0,XGBoost,421686.625
463000.0,XGBoost,609688.5
576925.0,XGBoost,523565.8125
232900.0,XGBoost,237554.859375
270000.0,XGBoost,291588.9375
342000.0,XGBoost,318598.25
675000.0,XGBoost,612532.5625
239950.0,XGBoost,273219.59375
508800.0,XGBoost,495939.03125
303000.0,XGBoost,300171.78125
258000.0,XGBoost,299410.6875
1898000.0,XGBoost,1624853.375
225000.0,XGBoost,269544.28125
808900.0,XGBoost,728331.3125
2500000.0,XGBoost,2153398.0
625000.0,XGBoost,601941.625
488000.0,XGBoost,523226.8125
1321500.0,XGBoost,998453.5625
365000.0,XGBoost,354492.46875
305000.0,XGBoost,404239.6875
750500.0,XGBoost,763738.1875
450000.0,XGBoost,504482.0625
555000.0,XGBoost,441949.09375
331000.0,XGBoost,342699.71875
425000.0,XGBoost,330611.5
685000.0,XGBoost,708309.4375
630000.0,XGBoost,597664.0625
394475.0,XGBoost,348714.125
265000.0,XGBoost,294761.15625
660000.0,XGBoost,627286.25
206000.0,XGBoost,232663.03125
415000.0,XGBoost,470487.84375
554000.0,XGBoost,590113.8125
365000.0,XGBoost,391262.25
450000.0,XGBoost,450806.34375
740000.0,XGBoost,1084606.125
624000.0,XGBoost,609745.5625
418200.0,XGBoost,451389.6875
660000.0,XGBoost,497867.75
215000.0,XGBoost,303416.5625
259950.0,XGBoost,257998.390625
921800.0,XGBoost,1052471.25
225000.0,XGBoost,215329.0
480000.0,XGBoost,547242.0625
780000.0,XGBoost,516951.0625
734500.0,XGBoost,808862.3125
155000.0,XGBoost,199093.234375
330000.0,XGBoost,350469.09375
665000.0,XGBoost,477150.96875
295000.0,XGBoost,301482.875
425000.0,XGBoost,481574.40625
122000.0,XGBoost,181769.671875
330000.0,XGBoost,324679.15625
460000.0,XGBoost,521724.53125
1060000.0,XGBoost,899724.25
439950.0,XGBoost,375265.15625
188000.0,XGBoost,239415.265625
325000.0,XGBoost,325838.34375
287000.0,XGBoost,299012.34375
470000.0,XGBoost,545413.75
190000.0,XGBoost,250016.015625
595000.0,XGBoost,542861.6875
900000.0,XGBoost,573356.5625
150000.0,XGBoost,208996.421875
559950.0,XGBoost,522737.03125
1115000.0,XGBoost,1724850.75
740000.0,XGBoost,617170.75
395000.0,XGBoost,400344.46875
1054690.0,XGBoost,1092497.0
280000.0,XGBoost,259735.625
289950.0,XGBoost,308761.5625
744000.0,XGBoost,653750.4375
706000.0,XGBoost,645965.1875
725000.0,XGBoost,709159.75
244000.0,XGBoost,334864.21875
915000.0,XGBoost,1017650.25
390000.0,XGBoost,384896.625
559950.0,XGBoost,474301.84375
400000.0,XGBoost,435468.84375
695000.0,XGBoost,655755.5
392000.0,XGBoost,367369.0625
320000.0,XGBoost,313742.03125
375000.0,XGBoost,361574.5625
225000.0,XGBoost,219400.390625
312500.0,XGBoost,321664.34375
500000.0,XGBoost,469112.34375
245000.0,XGBoost,244663.828125
275000.0,XGBoost,334258.0
711000.0,XGBoost,689125.8125
383000.0,XGBoost,426740.75
370000.0,XGBoost,524290.25
690000.0,XGBoost,668353.125
343566.0,XGBoost,371717.5
417000.0,XGBoost,503901.6875
450000.0,XGBoost,438442.90625
900000.0,XGBoost,634425.125
550000.0,XGBoost,573302.9375
730100.0,XGBoost,770110.125
364000.0,XGBoost,395941.15625
235000.0,XGBoost,189989.5
438000.0,XGBoost,467789.96875
441500.0,XGBoost,445469.75
1050000.0,XGBoost,877197.375
430000.0,XGBoost,279666.25
805000.0,XGBoost,761830.125
425000.0,XGBoost,418753.96875
450000.0,XGBoost,486803.25
374950.0,XGBoost,312547.46875
1300000.0,XGBoost,1037842.3125
220000.0,XGBoost,278011.1875
275000.0,XGBoost,345193.5625
272000.0,XGBoost,279155.96875
328423.0,XGBoost,325400.15625
565000.0,XGBoost,634048.3125
437000.0,XGBoost,375346.4375
825000.0,Neighbor median,600000.0
532500.0,Neighbor median,525000.0
435000.0,Neighbor median,589250.0
216000.0,Neighbor median,245250.0
525000.0,Neighbor median,441475.0
1999000.0,Neighbor median,1052645.0
525000.0,Neighbor median,404500.0
730000.0,Neighbor median,649000.0
640000.0,Neighbor median,522500.0
770000.0,Neighbor median,625000.0
950000.0,Neighbor median,762000.0
345000.0,Neighbor median,284000.0
836500.0,Neighbor median,578500.0
2200000.0,Neighbor median,656500.0
275000.0,Neighbor median,249975.0
284000.0,Neighbor median,354000.0
957000.0,Neighbor median,502750.0
280000.0,Neighbor median,331000.0
267000.0,Neighbor median,251000.0
319950.0,Neighbor median,336250.0
1500000.0,Neighbor median,1005000.0
359500.0,Neighbor median,362500.0
1100000.0,Neighbor median,1475000.0
715000.0,Neighbor median,729000.5
175409.0,Neighbor median,219975.0
520000.0,Neighbor median,455000.0
217000.0,Neighbor median,199225.0
307000.0,Neighbor median,240700.0
715000.0,Neighbor median,464500.0
229950.0,Neighbor median,305000.0
585000.0,Neighbor median,590500.0
355000.0,Neighbor median,403000.0
529500.0,Neighbor median,609603.0
180000.0,Neighbor median,423750.0
560000.0,Neighbor median,524500.0
1050000.0,Neighbor median,669500.0
328950.0,Neighbor median,305000.0
140000.0,Neighbor median,250500.0
570000.0,Neighbor median,596500.0
650000.0,Neighbor median,437500.0
345000.0,Neighbor median,355000.0
353000.0,Neighbor median,247500.0
950000.0,Neighbor median,460000.0
399000.0,Neighbor median,310975.0
390000.0,Neighbor median,410475.0
279500.0,Neighbor median,331500.0
245000.0,Neighbor median,237475.0
115000.0,Neighbor median,266250.0
360000.0,Neighbor median,517500.0
640000.0,Neighbor median,719000.0
565000.0,Neighbor median,533500.0
2950000.0,Neighbor median,1037500.0
775000.0,Neighbor median,645500.0
245000.0,Neighbor median,287500.0
250000.0,Neighbor median,271960.0
514000.0,Neighbor median,559000.0
566000.0,Neighbor median,525000.0
231200.0,Neighbor median,236250.0
180500.0,Neighbor median,290000.0
246500.0,Neighbor median,258250.0
815000.0,Neighbor median,684900.0
95000.0,Neighbor median,255500.0
350000.0,Neighbor median,332500.0
698000.0,Neighbor median,766500.0
290000.0,Neighbor median,297500.0
385000.0,Neighbor median,406500.0
572000.0,Neighbor median,656500.0
880000.0,Neighbor median,516000.0
480000.0,Neighbor median,488500.0
554000.0,Neighbor median,543475.0
585000.0,Neighbor median,395092.5
235000.0,Neighbor median,332500.0
750000.0,Neighbor median,675000.0
734200.0,Neighbor median,508850.0
554663.0,Neighbor median,645500.0
278000.0,Neighbor median,299970.0
367500.0,Neighbor median,438600.0
635000.0,Neighbor median,379500.0
515000.0,Neighbor median,522500.0
625000.0,Neighbor median,761225.0
299950.0,Neighbor median,282500.0
462600.0,Neighbor median,570000.0
947500.0,Neighbor median,562910.0
415500.0,Neighbor median,417500.0
394900.0,Neighbor median,408750.0
628000.0,Neighbor median,456000.0
339000.0,Neighbor median,370000.0
327500.0,Neighbor median,268500.0
410000.0,Neighbor median,374000.0
507250.0,Neighbor median,559500.0
660000.0,Neighbor median,433250.0
279950.0,Neighbor median,192475.0
659000.0,Neighbor median,659350.0
615000.0,Neighbor median,440500.0
643500.0,Neighbor median,420000.0
2000000.0,Neighbor median,1044000.0
735000.0,Neighbor median,508500.0
450000.0,Neighbor median,434650.0
290000.0,Neighbor median,441750.0
345000.0,Neighbor median,243500.0
448500.0,Neighbor median,457000.0
264000.0,Neighbor median,273924.0
435000.0,Neighbor median,572500.0
206000.0,Neighbor median,188600.0
436800.0,Neighbor median,465000.0
228500.0,Neighbor median,228925.0
580000.0,Neighbor median,492000.0
365000.0,Neighbor median,246750.0
735000.0,Neighbor median,454500.0
515000.0,Neighbor median,435500.0
643000.0,Neighbor median,576500.0
413500.0,Neighbor median,443725.0
834500.0,Neighbor median,962250.0
451000.0,Neighbor median,500500.0
1160000.0,Neighbor median,779000.0
390000.0,Neighbor median,457000.0
416000.0,Neighbor median,351000.0
408000.0,Neighbor median,516000.0
217500.0,Neighbor median,265450.0
422500.0,Neighbor median,552560.0
480000.0,Neighbor median,483000.0
755000.0,Neighbor median,750500.0
350000.0,Neighbor median,353750.0
1850000.0,Neighbor median,930000.0
935100.0,Neighbor median,682825.0
322000.0,Neighbor median,453625.0
539500.0,Neighbor median,365250.0
260000.0,Neighbor median,248000.0
616000.0,Neighbor median,401975.0
202000.0,Neighbor median,251875.0
230000.0,Neighbor median,234000.0
2000000.0,Neighbor median,725000.0
260000.0,Neighbor median,254500.0
696500.0,Neighbor median,550000.0
272000.0,Neighbor median,303581.0
641000.0,Neighbor median,482500.0
222900.0,Neighbor median,272500.0
365000.0,Neighbor median,344250.0
753000.0,Neighbor median,862500.0
650000.0,Neighbor median,599500.0
710000.0,Neighbor median,742250.0
493000.0,Neighbor median,558000.0
780000.0,Neighbor median,987500.0
525000.0,Neighbor median,495500.0
244950.0,Neighbor median,257450.0
470000.0,Neighbor median,600000.0
240000.0,Neighbor median,363175.0
329000.0,Neighbor median,272450.0
1100000.0,Neighbor median,907500.0
440000.0,Neighbor median,398750.0
475000.0,Neighbor median,224745.0
385000.0,Neighbor median,760000.0
865000.0,Neighbor median,592500.0
439950.0,Neighbor median,505000.0
335000.0,Neighbor median,243975.0
490000.0,Neighbor median,339000.0
895000.0,Neighbor median,1025250.0
500000.0,Neighbor median,553500.0
208950.0,Neighbor median,268500.0
395000.0,Neighbor median,376450.0
385000.0,Neighbor median,382000.0
235000.0,Neighbor median,353750.0
445000.0,Neighbor median,377000.0
913888.0,Neighbor median,925000.0
334000.0,Neighbor median,432250.0
379880.0,Neighbor median,504000.0
780000.0,Neighbor median,904550.0
427500.0,Neighbor median,545000.0
730000.0,Neighbor median,595250.0
225000.0,Neighbor median,254000.0
575000.0,Neighbor median,390000.0
657000.0,Neighbor median,555000.0
368000.0,Neighbor median,440000.0
460000.0,Neighbor median,407500.0
808000.0,Neighbor median,980000.0
539000.0,Neighbor median,400000.0
720000.0,Neighbor median,864204.5
900000.0,Neighbor median,816600.0
309950.0,Neighbor median,253000.0
640000.0,Neighbor median,692825.0
333800.0,Neighbor median,263750.0
1328000.0,Neighbor median,1155000.0
398000.0,Neighbor median,336225.0
521450.0,Neighbor median,486500.0
525000.0,Neighbor median,349500.0
300000.0,Neighbor median,299000.0
559000.0,Neighbor median,567475.0
357000.0,Neighbor median,424975.0
252500.0,Neighbor median,321000.0
355000.0,Neighbor median,425500.0
343000.0,Neighbor median,428750.0
255000.0,Neighbor median,549975.0
465000.0,Neighbor median,570000.0
615000.0,Neighbor median,684975.0
229000.0,Neighbor median,287500.0
600000.0,Neighbor median,445125.0
450000.0,Neighbor median,925000.0
234000.0,Neighbor median,275000.0
480000.0,Neighbor median,451000.0
672500.0,Neighbor median,754875.0
375000.0,Neighbor median,336500.0
230000.0,Neighbor median,270500.0
575000.0,Neighbor median,545000.0
1350000.0,Neighbor median,987000.0
280000.0,Neighbor median,290000.0
530000.0,Neighbor median,502506.0
230000.0,Neighbor median,325500.0
385000.0,Neighbor median,497000.0
455000.0,Neighbor median,356000.0
311000.0,Neighbor median,329350.0
616300.0,Neighbor median,710000.0
594000.0,Neighbor median,441786.5
440000.0,Neighbor median,516000.0
425000.0,Neighbor median,457800.0
550000.0,Neighbor median,482500.0
835100.0,Neighbor median,761225.0
375000.0,Neighbor median,250500.0
1350000.0,Neighbor median,1625000.0
880000.0,Neighbor median,946250.0
415000.0,Neighbor median,491950.0
335000.0,Neighbor median,412125.0
308000.0,Neighbor median,293500.0
920000.0,Neighbor median,630000.0
453500.0,Neighbor median,403500.0
358000.0,Neighbor median,393000.0
335000.0,Neighbor median,427500.0
525000.0,Neighbor median,590000.0
660000.0,Neighbor median,561250.0
728000.0,Neighbor median,538400.0
549000.0,Neighbor median,600000.0
481203.0,Neighbor median,528000.0
820000.0,Neighbor median,510000.0
515000.0,Neighbor median,383450.0
550000.0,Neighbor median,403000.0
750000.0,Neighbor median,555000.0
445000.0,Neighbor median,448500.0
1250000.0,Neighbor median,704000.0
745000.0,Neighbor median,554750.0
2700000.0,Neighbor median,1107000.0
928950.0,Neighbor median,706000.0
675000.0,Neighbor median,826000.0
695000.0,Neighbor median,475000.0
2260000.0,Neighbor median,1475000.0
578000.0,Neighbor median,823800.0
372000.0,Neighbor median,324500.0
275000.0,Neighbor median,242500.0
835000.0,Neighbor median,1165000.0
1049000.0,Neighbor median,847500.0
545000.0,Neighbor median,650000.0
370000.0,Neighbor median,255000.0
385000.0,Neighbor median,450475.0
440000.0,Neighbor median,564000.0
1395000.0,Neighbor median,896000.0
465000.0,Neighbor median,443475.0
799000.0,Neighbor median,333500.0
317500.0,Neighbor median,328250.0
370000.0,Neighbor median,409500.0
2900000.0,Neighbor median,1712000.0
156000.0,Neighbor median,251250.0
285000.0,Neighbor median,285378.0
650000.0,Neighbor median,500800.0
634000.0,Neighbor median,617500.0
825000.0,Neighbor median,449500.0
479000.0,Neighbor median,501000.0
164000.0,Neighbor median,265000.0
555000.0,Neighbor median,469500.0
920000.0,Neighbor median,577000.0
1395000.0,Neighbor median,955250.0
240000.0,Neighbor median,345000.0
340000.0,Neighbor median,374975.0
465000.0,Neighbor median,353900.0
622500.0,Neighbor median,558050.0
708000.0,Neighbor median,446000.0
420000.0,Neighbor median,229500.0
225000.0,Neighbor median,264475.0
951000.0,Neighbor median,569500.0
729032.0,Neighbor median,900000.0
880000.0,Neighbor median,1037500.0
257000.0,Neighbor median,326750.0
270000.0,Neighbor median,273500.0
536500.0,Neighbor median,440750.0
905000.0,Neighbor median,989675.0
855000.0,Neighbor median,774500.0
379950.0,Neighbor median,329475.0
350000.0,Neighbor median,417500.0
880000.0,Neighbor median,554800.0
459000.0,Neighbor median,398725.0
562000.0,Neighbor median,542500.0
615000.0,Neighbor median,536500.0
315000.0,Neighbor median,398500.0
570000.0,Neighbor median,558500.0
625000.0,Neighbor median,486500.0
135000.0,Neighbor median,246750.0
199000.0,Neighbor median,298000.0
319000.0,Neighbor median,305000.0
502000.0,Neighbor median,582500.0
700000.0,Neighbor median,584000.0
599950.0,Neighbor median,394500.0
90000.0,Neighbor median,435500.0
349950.0,Neighbor median,295500.0
646000.0,Neighbor median,427500.0
500000.0,Neighbor median,566000.0
295000.0,Neighbor median,357250.0
1375000.0,Neighbor median,802497.5
457000.0,Neighbor median,475750.0
255000.0,Neighbor median,389225.0
380000.0,Neighbor median,250100.0
310000.0,Neighbor median,225000.0
2288000.0,Neighbor median,1516000.0
970000.0,Neighbor median,530000.0
790000.0,Neighbor median,477500.0
302500.0,Neighbor median,282600.0
490000.0,Neighbor median,557000.0
699000.0,Neighbor median,986750.0
384000.0,Neighbor median,404000.0
392500.0,Neighbor median,322500.0
1360000.0,Neighbor median,720250.0
277140.0,Neighbor median,558500.0
319000.0,Neighbor median,349450.0
270000.0,Neighbor median,230500.0
265000.0,Neighbor median,327475.0
475000.0,Neighbor median,403096.5
270000.0,Neighbor median,255500.0
479000.0,Neighbor median,586103.0
635000.0,Neighbor median,622500.0
333000.0,Neighbor median,323500.0
1000000.0,Neighbor median,589500.0
303000.0,Neighbor median,402475.0
328000.0,Neighbor median,283500.0
550000.0,Neighbor median,712500.0
250600.0,Neighbor median,283475.0
400000.0,Neighbor median,398000.0
229000.0,Neighbor median,255000.0
340000.0,Neighbor median,422500.0
380000.0,Neighbor median,410500.0
749950.0,Neighbor median,562500.0
225000.0,Neighbor median,266726.5
357500.0,Neighbor median,415000.0
770000.0,Neighbor median,932500.0
559900.0,Neighbor median,422500.0
810000.0,Neighbor median,761225.0
255000.0,Neighbor median,342450.0
542000.0,Neighbor median,536150.0
240000.0,Neighbor median,376345.5
610000.0,Neighbor median,357494.0
512000.0,Neighbor median,489000.0
294000.0,Neighbor median,369950.0
549000.0,Neighbor median,433750.0
797000.0,Neighbor median,864204.5
952000.0,Neighbor median,803000.0
265000.0,Neighbor median,252250.0
750000.0,Neighbor median,741820.5
1150000.0,Neighbor median,1821000.0
470000.0,Neighbor median,413596.5
255000.0,Neighbor median,253500.0
420000.0,Neighbor median,478150.0
377500.0,Neighbor median,390499.5
865000.0,Neighbor median,621500.0
599995.0,Neighbor median,462000.5
775000.0,Neighbor median,644750.0
283748.0,Neighbor median,240500.0
235000.0,Neighbor median,226975.0
677000.0,Neighbor median,414750.0
325000.0,Neighbor median,308000.0
950000.0,Neighbor median,501250.0
420000.0,Neighbor median,591200.0
350000.0,Neighbor median,377500.0
433500.0,Neighbor median,594500.0
482500.0,Neighbor median,544000.0
715000.0,Neighbor median,696500.0
560000.0,Neighbor median,517000.0
360000.0,Neighbor median,287600.0
1275000.0,Neighbor median,712750.0
250000.0,Neighbor median,660000.0
393000.0,Neighbor median,345475.0
277000.0,Neighbor median,244975.0
464600.0,Neighbor median,439000.0
480000.0,Neighbor median,517500.0
300000.0,Neighbor median,342500.0
378000.0,Neighbor median,401500.0
613000.0,Neighbor median,585000.0
422000.0,Neighbor median,302250.0
255000.0,Neighbor median,266700.0
661000.0,Neighbor median,578000.0
1940000.0,Neighbor median,1591250.0
455000.0,Neighbor median,478000.0
240000.0,Neighbor median,358975.0
750000.0,Neighbor median,737000.0
615000.0,Neighbor median,687500.0
419500.0,Neighbor median,347000.0
931088.0,Neighbor median,745000.0
234000.0,Neighbor median,284000.0
245000.0,Neighbor median,249500.0
639000.0,Neighbor median,517000.0
500000.0,Neighbor median,450000.0
467100.0,Neighbor median,607500.0
240500.0,Neighbor median,245750.0
1660000.0,Neighbor median,812000.0
325000.0,Neighbor median,247975.0
395000.0,Neighbor median,550000.0
235000.0,Neighbor median,250000.0
452000.0,Neighbor median,536150.0
396900.0,Neighbor median,487000.0
239900.0,Neighbor median,251050.5
455000.0,Neighbor median,325000.0
260000.0,Neighbor median,377500.0
329950.0,Neighbor median,346750.0
311850.0,Neighbor median,283500.0
419950.0,Neighbor median,342975.0
1096500.0,Neighbor median,917500.0
535000.0,Neighbor median,416250.0
339275.0,Neighbor median,403750.0
399000.0,Neighbor median,451000.0
234000.0,Neighbor median,283975.0
1565000.0,Neighbor median,597000.0
230000.0,Neighbor median,237475.0
1600000.0,Neighbor median,943750.0
549995.0,Neighbor median,767500.0
403950.0,Neighbor median,360000.0
533000.0,Neighbor median,535400.0
399000.0,Neighbor median,433000.0
760000.0,Neighbor median,412942.5
217000.0,Neighbor median,324000.0
639000.0,Neighbor median,573500.0
670000.0,Neighbor median,509000.0
490000.0,Neighbor median,434950.0
615000.0,Neighbor median,621000.0
264950.0,Neighbor median,262250.0
275000.0,Neighbor median,287500.0
382000.0,Neighbor median,358140.0
630000.0,Neighbor median,592500.0
515000.0,Neighbor median,615500.0
291970.0,Neighbor median,267500.0
466750.0,Neighbor median,401500.0
845000.0,Neighbor median,695000.0
290000.0,Neighbor median,280463.5
635000.0,Neighbor median,359950.0
735000.0,Neighbor median,762000.0
998000.0,Neighbor median,980000.0
775000.0,Neighbor median,495750.0
565000.0,Neighbor median,620000.0
274950.0,Neighbor median,275000.0
660000.0,Neighbor median,557500.0
575000.0,Neighbor median,420000.0
530000.0,Neighbor median,385500.0
242150.0,Neighbor median,302000.0
692500.0,Neighbor median,492500.0
675000.0,Neighbor median,694475.0
827500.0,Neighbor median,924450.0
410000.0,Neighbor median,450000.0
230000.0,Neighbor median,292900.0
194250.0,Neighbor median,227475.0
350000.0,Neighbor median,327500.0
365000.0,Neighbor median,564000.0
825000.0,Neighbor median,600000.0
438800.0,Neighbor median,389000.0
506000.0,Neighbor median,455000.0
495000.0,Neighbor median,637500.0
448500.0,Neighbor median,302500.0
378500.0,Neighbor median,292000.0
213000.0,Neighbor median,407500.0
380000.0,Neighbor median,382500.0
199990.0,Neighbor median,233000.0
440000.0,Neighbor median,556500.0
675000.0,Neighbor median,331250.0
835000.0,Neighbor median,480000.0
655000.0,Neighbor median,449000.0
118000.0,Neighbor median,274675.0
321000.0,Neighbor median,337444.0
727500.0,Neighbor median,918000.0
379500.0,Neighbor median,367500.0
232000.0,Neighbor median,218500.0
265000.0,Neighbor median,327500.0
389000.0,Neighbor median,365500.0
289571.0,Neighbor median,395000.0
312500.0,Neighbor median,337500.0
287000.0,Neighbor median,284500.0
571000.0,Neighbor median,569000.0
345000.0,Neighbor median,478150.0
720500.0,Neighbor median,580000.0
370000.0,Neighbor median,400000.0
507000.0,Neighbor median,404500.0
471275.0,Neighbor median,309250.0
550000.0,Neighbor median,545000.0
980000.0,Neighbor median,787500.0
287450.0,Neighbor median,267750.0
3200000.0,Neighbor median,1595000.0
385000.0,Neighbor median,357475.0
529000.0,Neighbor median,600000.0
240000.0,Neighbor median,297300.0
250000.0,Neighbor median,294950.0
475000.0,Neighbor median,510000.0
300000.0,Neighbor median,231051.5
370000.0,Neighbor median,408750.0
301000.0,Neighbor median,456000.0
480000.0,Neighbor median,339000.0
515000.0,Neighbor median,802500.0
290000.0,Neighbor median,325250.0
420000.0,Neighbor median,337000.0
253000.0,Neighbor median,258000.0
280000.0,Neighbor median,330000.0
725000.0,Neighbor median,581078.5
1275000.0,Neighbor median,804250.0
339888.0,Neighbor median,424500.0
580000.0,Neighbor median,616500.0
380000.0,Neighbor median,332500.0
1400000.0,Neighbor median,932500.0
288000.0,Neighbor median,231301.5
315000.0,Neighbor median,309312.5
340500.0,Neighbor median,459250.0
279950.0,Neighbor median,328500.0
299950.0,Neighbor median,292475.0
940000.0,Neighbor median,942000.0
373000.0,Neighbor median,351250.0
270000.0,Neighbor median,255000.0
300000.0,Neighbor median,286625.0
476800.0,Neighbor median,889500.0
450000.0,Neighbor median,358140.0
659000.0,Neighbor median,486500.0
370000.0,Neighbor median,364500.0
1075000.0,Neighbor median,968750.0
238950.0,Neighbor median,253500.0
2950000.0,Neighbor median,1280000.0
332000.0,Neighbor median,659500.0
246000.0,Neighbor median,238500.0
990000.0,Neighbor median,1006250.0
340000.0,Neighbor median,198000.0
475000.0,Neighbor median,460000.0
202500.0,Neighbor median,229750.0
170000.0,Neighbor median,306050.0
690000.0,Neighbor median,650000.0
1065000.0,Neighbor median,700000.0
850000.0,Neighbor median,952500.0
382000.0,Neighbor median,351000.0
822000.0,Neighbor median,930000.0
479000.0,Neighbor median,519000.0
115000.0,Neighbor median,239950.0
999000.0,Neighbor median,782500.0
260000.0,Neighbor median,249475.0
249000.0,Neighbor median,390000.0
975000.0,Neighbor median,485000.0
490000.0,Neighbor median,473250.0
650000.0,Neighbor median,549975.0
530000.0,Neighbor median,402500.0
727500.0,Neighbor median,690550.0
775000.0,Neighbor median,685000.0
920000.0,Neighbor median,828000.0
249500.0,Neighbor median,264475.0
330000.0,Neighbor median,438500.0
515000.0,Neighbor median,455000.0
300000.0,Neighbor median,428100.0
335000.0,Neighbor median,389500.0
620000.0,Neighbor median,481500.0
470000.0,Neighbor median,535500.0
437000.0,Neighbor median,550000.0
315000.0,Neighbor median,247500.0
412450.0,Neighbor median,547500.0
396000.0,Neighbor median,357500.0
600000.0,Neighbor median,570500.0
232000.0,Neighbor median,274250.0
278500.0,Neighbor median,333250.0
345000.0,Neighbor median,247500.0
640000.0,Neighbor median,513750.0
249950.0,Neighbor median,276750.0
327000.0,Neighbor median,265000.0
390000.0,Neighbor median,381200.0
402000.0,Neighbor median,563500.0
439000.0,Neighbor median,481475.0
595000.0,Neighbor median,615500.0
321000.0,Neighbor median,308292.5
320000.0,Neighbor median,489000.0
408000.0,Neighbor median,455975.0
147000.0,Neighbor median,251250.0
608500.0,Neighbor median,523000.0
749700.0,Neighbor median,325000.0
475000.0,Neighbor median,493250.0
170000.0,Neighbor median,199225.0
840000.0,Neighbor median,554550.0
432500.0,Neighbor median,372500.0
569950.0,Neighbor median,365000.0
178500.0,Neighbor median,271000.0
269000.0,Neighbor median,297000.0
245500.0,Neighbor median,462500.0
210000.0,Neighbor median,234475.0
572650.0,Neighbor median,516500.0
275000.0,Neighbor median,294400.0
250800.0,Neighbor median,318250.0
575000.0,Neighbor median,550000.0
238000.0,Neighbor median,322495.0
338000.0,Neighbor median,378000.0
535000.0,Neighbor median,239487.5
705000.0,Neighbor median,557900.0
750000.0,Neighbor median,987500.0
678000.0,Neighbor median,575050.0
198000.0,Neighbor median,244250.0
400000.0,Neighbor median,548250.0
335000.0,Neighbor median,324747.5
289200.0,Neighbor median,351000.0
649000.0,Neighbor median,497503.5
357500.0,Neighbor median,304000.0
780000.0,Neighbor median,848000.0
249000.0,Neighbor median,439500.0
432500.0,Neighbor median,525000.0
300000.0,Neighbor median,307500.0
455000.0,Neighbor median,535000.0
962000.0,Neighbor median,440000.0
1180500.0,Neighbor median,1597500.0
500000.0,Neighbor median,464000.0
678500.0,Neighbor median,438000.0
1070000.0,Neighbor median,628000.0
690000.0,Neighbor median,688000.0
265000.0,Neighbor median,263500.0
769995.0,Neighbor median,485000.0
1650000.0,Neighbor median,986580.0
971000.0,Neighbor median,453500.0
395000.0,Neighbor median,415600.0
383150.0,Neighbor median,296000.0
449000.0,Neighbor median,333500.0
140000.0,Neighbor median,300500.0
329000.0,Neighbor median,525000.0
1256500.0,Neighbor median,1045000.0
450000.0,Neighbor median,483500.0
257500.0,Neighbor median,260000.0
161000.0,Neighbor median,227500.0
435000.0,Neighbor median,680000.0
375000.0,Neighbor median,349975.0
648752.0,Neighbor median,831250.0
619500.0,Neighbor median,1037500.0
270000.0,Neighbor median,232000.0
570000.0,Neighbor median,292416.0
510000.0,Neighbor median,513750.0
480000.0,Neighbor median,289475.0
202000.0,Neighbor median,231000.0
415000.0,Neighbor median,333400.0
222000.0,Neighbor median,333725.0
490000.0,Neighbor median,623900.0
325000.0,Neighbor median,438750.0
375000.0,Neighbor median,437020.0
420000.0,Neighbor median,359950.0
435000.0,Neighbor median,393250.0
1035000.0,Neighbor median,947500.0
345000.0,Neighbor median,397000.0
965800.0,Neighbor median,935000.0
370000.0,Neighbor median,945000.0
555000.0,Neighbor median,589475.0
339000.0,Neighbor median,279950.0
237500.0,Neighbor median,267750.0
561000.0,Neighbor median,418500.0
320000.0,Neighbor median,339475.0
475000.0,Neighbor median,545000.0
430000.0,Neighbor median,504987.5
208500.0,Neighbor median,262250.0
250000.0,Neighbor median,255000.0
411753.0,Neighbor median,544775.0
392000.0,Neighbor median,279250.0
550700.0,Neighbor median,616500.0
340000.0,Neighbor median,399950.0
424950.0,Neighbor median,333500.0
515000.0,Neighbor median,411900.0
1135000.0,Neighbor median,640000.0
669000.0,Neighbor median,581750.0
349000.0,Neighbor median,342975.0
3567000.0,Neighbor median,627500.0
565000.0,Neighbor median,446250.0
305000.0,Neighbor median,487750.0
273000.0,Neighbor median,298131.0
630000.0,Neighbor median,482494.0
675000.0,Neighbor median,474975.0
365000.0,Neighbor median,318750.0
656000.0,Neighbor median,546250.0
278000.0,Neighbor median,304000.0
373000.0,Neighbor median,395000.0
485000.0,Neighbor median,502500.0
550000.0,Neighbor median,524975.0
349000.0,Neighbor median,322000.0
315500.0,Neighbor median,420000.0
399000.0,Neighbor median,464500.0
375000.0,Neighbor median,519000.0
255000.0,Neighbor median,270000.0
1900000.0,Neighbor median,1352500.0
810000.0,Neighbor median,363080.0
594000.0,Neighbor median,507500.0
661000.0,Neighbor median,721000.0
350000.0,Neighbor median,736000.0
1350000.0,Neighbor median,962500.0
363500.0,Neighbor median,234475.0
228000.0,Neighbor median,350000.0
230000.0,Neighbor median,387500.0
350000.0,Neighbor median,246500.0
800500.0,Neighbor median,740000.0
558000.0,Neighbor median,690550.0
359000.0,Neighbor median,376345.5
205000.0,Neighbor median,277000.0
670000.0,Neighbor median,774500.0
84000.0,Neighbor median,255000.0
309000.0,Neighbor median,338725.0
382000.0,Neighbor median,252475.0
1195000.0,Neighbor median,934000.0
630000.0,Neighbor median,661250.0
336900.0,Neighbor median,350250.0
275000.0,Neighbor median,265000.0
359000.0,Neighbor median,284500.0
257000.0,Neighbor median,404750.0
230000.0,Neighbor median,270000.0
456000.0,Neighbor median,667500.0
620000.0,Neighbor median,500000.0
1415000.0,Neighbor median,1280000.0
1062500.0,Neighbor median,847500.0
275000.0,Neighbor median,380000.0
253500.0,Neighbor median,369475.0
515000.0,Neighbor median,365000.0
595000.0,Neighbor median,752499.5
605000.0,Neighbor median,459975.0
799000.0,Neighbor median,1068750.0
279900.0,Neighbor median,350000.0
575000.0,Neighbor median,470000.0
380500.0,Neighbor median,305000.0
333000.0,Neighbor median,296000.0
550000.0,Neighbor median,752499.5
312500.0,Neighbor median,397500.0
525000.0,Neighbor median,544975.0
400000.0,Neighbor median,435500.0
182500.0,Neighbor median,210500.0
365000.0,Neighbor median,361250.0
490000.0,Neighbor median,547000.0
642860.0,Neighbor median,470500.0
400000.0,Neighbor median,480000.0
315000.0,Neighbor median,379578.0
445000.0,Neighbor median,350000.0
305000.0,Neighbor median,257500.0
479950.0,Neighbor median,325250.0
426000.0,Neighbor median,436500.0
501000.0,Neighbor median,480000.0
370000.0,Neighbor median,438000.0
260000.0,Neighbor median,227475.0
210000.0,Neighbor median,259975.0
334000.0,Neighbor median,376345.5
1320000.0,Neighbor median,1050000.0
347950.0,Neighbor median,369750.0
312500.0,Neighbor median,372500.0
900000.0,Neighbor median,863325.0
337000.0,Neighbor median,364500.0
465000.0,Neighbor median,490000.0
169900.0,Neighbor median,226000.0
294900.0,Neighbor median,316000.0
468000.0,Neighbor median,462500.0
820000.0,Neighbor median,797750.0
699000.0,Neighbor median,614250.0
400000.0,Neighbor median,416000.0
515000.0,Neighbor median,522475.0
805000.0,Neighbor median,612500.0
210000.0,Neighbor median,277500.0
425000.0,Neighbor median,554975.0
350000.0,Neighbor median,544950.0
476000.0,Neighbor median,395500.0
539900.0,Neighbor median,532500.0
475000.0,Neighbor median,579444.0
271500.0,Neighbor median,286175.0
550000.0,Neighbor median,544975.0
372220.0,Neighbor median,569150.0
913000.0,Neighbor median,790500.0
465950.0,Neighbor median,507500.0
148000.0,Neighbor median,333500.0
260000.0,Neighbor median,248975.0
370000.0,Neighbor median,304000.0
550000.0,Neighbor median,510000.0
510000.0,Neighbor median,505000.0
367500.0,Neighbor median,339500.0
403000.0,Neighbor median,486500.0
200126.0,Neighbor median,298000.0
450000.0,Neighbor median,745000.0
374990.0,Neighbor median,426000.0
255000.0,Neighbor median,317000.0
471000.0,Neighbor median,521250.0
206000.0,Neighbor median,234987.5
845800.0,Neighbor median,849500.0
300000.0,Neighbor median,314750.0
925000.0,Neighbor median,724000.0
250000.0,Neighbor median,450000.0
175000.0,Neighbor median,269000.0
250000.0,Neighbor median,250500.0
250000.0,Neighbor median,263500.0
720000.0,Neighbor median,526000.0
425000.0,Neighbor median,312500.0
566000.0,Neighbor median,522500.0
1940000.0,Neighbor median,590675.0
225000.0,Neighbor median,371250.0
635000.0,Neighbor median,404500.0
402000.0,Neighbor median,544560.0
335000.0,Neighbor median,281750.0
839000.0,Neighbor median,781000.0
440500.0,Neighbor median,609000.0
805000.0,Neighbor median,589975.0
300000.0,Neighbor median,290000.0
305000.0,Neighbor median,297500.0
689000.0,Neighbor median,386500.0
408000.0,Neighbor median,604975.0
1568000.0,Neighbor median,1585000.0
240000.0,Neighbor median,302225.0
325000.0,Neighbor median,382000.0
405600.0,Neighbor median,280000.0
740000.0,Neighbor median,584500.0
233000.0,Neighbor median,357475.0
463000.0,Neighbor median,475000.0
235000.0,Neighbor median,377500.0
280000.0,Neighbor median,473500.0
110000.0,Neighbor median,246750.0
235000.0,Neighbor median,450000.0
313300.0,Neighbor median,589475.0
620000.0,Neighbor median,603000.0
865000.0,Neighbor median,550000.0
169000.0,Neighbor median,249500.0
465000.0,Neighbor median,536350.0
390000.0,Neighbor median,345750.0
454450.0,Neighbor median,308250.0
1135250.0,Neighbor median,390000.0
325000.0,Neighbor median,306000.0
646800.0,Neighbor median,622500.0
430000.0,Neighbor median,527000.0
450000.0,Neighbor median,500000.0
1735000.0,Neighbor median,757500.0
455000.0,Neighbor median,654840.0
437718.0,Neighbor median,429000.0
374000.0,Neighbor median,573500.0
999000.0,Neighbor median,699750.0
1051000.0,Neighbor median,774000.0
379950.0,Neighbor median,263750.0
1620000.0,Neighbor median,995000.0
1050000.0,Neighbor median,1485000.0
965000.0,Neighbor median,947475.0
590000.0,Neighbor median,447900.0
290000.0,Neighbor median,372475.0
209950.0,Neighbor median,250500.0
426000.0,Neighbor median,528500.0
447000.0,Neighbor median,552500.0
615000.0,Neighbor median,747500.0
399000.0,Neighbor median,364000.0
325000.0,Neighbor median,357500.0
299000.0,Neighbor median,265750.0
274000.0,Neighbor median,248625.0
610000.0,Neighbor median,454000.0
614950.0,Neighbor median,937500.0
643950.0,Neighbor median,400400.0
210000.0,Neighbor median,225000.0
518000.0,Neighbor median,524975.0
148226.0,Neighbor median,234987.5
430100.0,Neighbor median,467500.0
426000.0,Neighbor median,345000.0
334900.0,Neighbor median,525000.0
212000.0,Neighbor median,261975.0
605004.0,Neighbor median,555150.0
1240000.0,Neighbor median,930000.0
370000.0,Neighbor median,251389.5
275000.0,Neighbor median,326750.0
465000.0,Neighbor median,351250.0
610750.0,Neighbor median,623900.0
390000.0,Neighbor median,429650.0
406000.0,Neighbor median,534950.0
428950.0,Neighbor median,407500.0
260000.0,Neighbor median,256000.0
402723.0,Neighbor median,388750.0
366000.0,Neighbor median,422500.0
385000.0,Neighbor median,536500.0
637250.0,Neighbor median,676050.0
890000.0,Neighbor median,637500.0
288000.0,Neighbor median,304475.0
450000.0,Neighbor median,438500.0
915000.0,Neighbor median,672500.0
245000.0,Neighbor median,264000.0
453500.0,Neighbor median,407500.0
685000.0,Neighbor median,857500.0
161700.0,Neighbor median,244500.0
1180000.0,Neighbor median,800000.0
166950.0,Neighbor median,260000.0
410000.0,Neighbor median,353250.0
425000.0,Neighbor median,670000.0
300000.0,Neighbor median,262000.0
339000.0,Neighbor median,358975.0
405000.0,Neighbor median,420425.0
319000.0,Neighbor median,317495.0
325000.0,Neighbor median,379500.0
390000.0,Neighbor median,436000.0
896000.0,Neighbor median,796675.0
446000.0,Neighbor median,385950.0
267000.0,Neighbor median,262250.0
490000.0,Neighbor median,555000.0
165000.0,Neighbor median,300000.0
375000.0,Neighbor median,527500.0
742000.0,Neighbor median,777000.0
200000.0,Neighbor median,214975.0
749950.0,Neighbor median,745000.0
542500.0,Neighbor median,490000.0
815000.0,Neighbor median,762000.0
963000.0,Neighbor median,572000.0
420000.0,Neighbor median,304699.5
420000.0,Neighbor median,447900.0
300000.0,Neighbor median,308292.5
327500.0,Neighbor median,299940.0
246000.0,Neighbor median,252500.0
165000.0,Neighbor median,214975.0
252000.0,Neighbor median,310000.0
290000.0,Neighbor median,309000.0
240000.0,Neighbor median,257500.0
529219.0,Neighbor median,555650.0
630000.0,Neighbor median,593000.0
200000.0,Neighbor median,226000.0
770000.0,Neighbor median,852915.0
279900.0,Neighbor median,250500.0
7062500.0,Neighbor median,1394000.0
856500.0,Neighbor median,770940.0
639000.0,Neighbor median,642500.0
215000.0,Neighbor median,291000.0
399950.0,Neighbor median,816000.0
665000.0,Neighbor median,594000.0
791500.0,Neighbor median,655000.0
895000.0,Neighbor median,349000.0
229000.0,Neighbor median,355745.0
692500.0,Neighbor median,498000.0
235000.0,Neighbor median,220000.0
395900.0,Neighbor median,353750.0
490000.0,Neighbor median,498500.0
475000.0,Neighbor median,522000.0
203000.0,Neighbor median,250000.0
436500.0,Neighbor median,327500.0
230500.0,Neighbor median,247500.0
870000.0,Neighbor median,822500.0
755000.0,Neighbor median,645000.0
403000.0,Neighbor median,422500.0
345000.0,Neighbor median,554750.0
750000.0,Neighbor median,654975.0
265000.0,Neighbor median,291000.0
394000.0,Neighbor median,557500.0
1250000.0,Neighbor median,830000.0
312000.0,Neighbor median,280000.0
660000.0,Neighbor median,579500.0
3200000.0,Neighbor median,781250.0
185000.0,Neighbor median,264475.0
360000.0,Neighbor median,321100.0
715000.0,Neighbor median,765000.0
1100000.0,Neighbor median,810000.0
397500.0,Neighbor median,317995.0
950000.0,Neighbor median,605000.0
419000.0,Neighbor median,287916.0
379000.0,Neighbor median,300000.0
509000.0,Neighbor median,566000.0
465000.0,Neighbor median,442500.0
757500.0,Neighbor median,620000.0
359000.0,Neighbor median,359950.0
372500.0,Neighbor median,375500.0
265000.0,Neighbor median,249500.0
825500.0,Neighbor median,434500.0
575000.0,Neighbor median,651000.0
432000.0,Neighbor median,534500.0
1436000.0,Neighbor median,1092950.0
1770000.0,Neighbor median,1577500.0
359999.0,Neighbor median,325450.0
542500.0,Neighbor median,587450.0
920000.0,Neighbor median,784300.0
310000.0,Neighbor median,456000.0
599950.0,Neighbor median,575500.0
450000.0,Neighbor median,471975.0
2900000.0,Neighbor median,878750.0
530000.0,Neighbor median,342500.0
515000.0,Neighbor median,444761.5
200000.0,Neighbor median,249950.0
475000.0,Neighbor median,517500.0
951000.0,Neighbor median,616500.0
875000.0,Neighbor median,757750.0
250000.0,Neighbor median,328750.0
350000.0,Neighbor median,313500.0
795000.0,Neighbor median,652500.0
342000.0,Neighbor median,413596.5
1688000.0,Neighbor median,1095500.0
225000.0,Neighbor median,232500.0
400000.0,Neighbor median,336500.0
475000.0,Neighbor median,448000.0
427000.0,Neighbor median,587500.0
490000.0,Neighbor median,614350.0
975000.0,Neighbor median,1025250.0
166000.0,Neighbor median,271250.0
455000.0,Neighbor median,517500.0
572000.0,Neighbor median,445125.0
935000.0,Neighbor median,430500.0
850000.0,Neighbor median,775000.0
240000.0,Neighbor median,245500.0
340000.0,Neighbor median,306317.5
228000.0,Neighbor median,260000.0
324950.0,Neighbor median,270000.0
1295000.0,Neighbor median,715000.0
447000.0,Neighbor median,562500.0
359800.0,Neighbor median,259400.0
785000.0,Neighbor median,649500.0
480000.0,Neighbor median,582500.0
735000.0,Neighbor median,563000.0
275000.0,Neighbor median,233000.0
452000.0,Neighbor median,350250.0
538000.0,Neighbor median,552500.0
700180.0,Neighbor median,799500.0
269950.0,Neighbor median,357500.0
1700000.0,Neighbor median,616500.0
290000.0,Neighbor median,445000.0
350000.0,Neighbor median,301400.0
879900.0,Neighbor median,622500.0
255900.0,Neighbor median,266500.0
495000.0,Neighbor median,525000.0
525000.0,Neighbor median,509950.0
255000.0,Neighbor median,206000.0
372000.0,Neighbor median,415000.0
430000.0,Neighbor median,487500.0
1480000.0,Neighbor median,865944.0
380000.0,Neighbor median,265500.0
342000.0,Neighbor median,372500.0
350000.0,Neighbor median,352500.0
910000.0,Neighbor median,956500.0
462500.0,Neighbor median,281000.0
460000.0,Neighbor median,600000.0
255000.0,Neighbor median,381250.0
505000.0,Neighbor median,322000.0
525000.0,Neighbor median,432500.0
268000.0,Neighbor median,268500.0
360000.0,Neighbor median,410000.0
233000.0,Neighbor median,286300.0
294950.0,Neighbor median,383725.0
500000.0,Neighbor median,761225.0
360000.0,Neighbor median,227000.0
180500.0,Neighbor median,227500.0
825000.0,Neighbor median,622500.0
535000.0,Neighbor median,449975.0
341000.0,Neighbor median,346000.0
560000.0,Neighbor median,552500.0
370000.0,Neighbor median,272450.0
1150000.0,Neighbor median,725000.0
645000.0,Neighbor median,679957.5
830000.0,Neighbor median,557500.0
618250.0,Neighbor median,600500.0
865950.0,Neighbor median,488750.0
1050000.0,Neighbor median,784750.0
670000.0,Neighbor median,666457.5
570000.0,Neighbor median,549000.0
555000.0,Neighbor median,494500.0
474000.0,Neighbor median,472500.0
442000.0,Neighbor median,614000.0
419900.0,Neighbor median,545500.0
425000.0,Neighbor median,420000.0
595000.0,Neighbor median,407500.0
348000.0,Neighbor median,365250.0
269950.0,Neighbor median,234250.0
336600.0,Neighbor median,310475.0
315000.0,Neighbor median,263250.0
425000.0,Neighbor median,424020.0
902000.0,Neighbor median,560750.0
287000.0,Neighbor median,307000.0
921500.0,Neighbor median,664975.0
961000.0,Neighbor median,621500.0
695000.0,Neighbor median,668750.0
349950.0,Neighbor median,330750.0
424950.0,Neighbor median,429000.0
300000.0,Neighbor median,396000.0
456000.0,Neighbor median,400000.0
540000.0,Neighbor median,418500.0
429592.0,Neighbor median,482500.0
429000.0,Neighbor median,437500.0
338000.0,Neighbor median,351000.0
588000.0,Neighbor median,599500.0
340000.0,Neighbor median,504500.0
320000.0,Neighbor median,310475.0
547500.0,Neighbor median,610000.0
249950.0,Neighbor median,272475.0
2147500.0,Neighbor median,803000.0
366000.0,Neighbor median,329725.0
4489000.0,Neighbor median,1625000.0
118125.0,Neighbor median,221975.0
439990.0,Neighbor median,464500.0
655000.0,Neighbor median,426000.0
240000.0,Neighbor median,395000.0
399000.0,Neighbor median,459000.0
400000.0,Neighbor median,617500.0
465000.0,Neighbor median,459000.0
350000.0,Neighbor median,439475.0
855000.0,Neighbor median,885000.0
240000.0,Neighbor median,251500.0
485000.0,Neighbor median,405000.0
420000.0,Neighbor median,482500.0
515000.0,Neighbor median,300000.0
505000.0,Neighbor median,447750.0
630000.0,Neighbor median,654375.0
489500.0,Neighbor median,410000.0
387000.0,Neighbor median,458500.0
550000.0,Neighbor median,825500.0
515000.0,Neighbor median,244975.0
840000.0,Neighbor median,799000.0
770000.0,Neighbor median,618250.0
245000.0,Neighbor median,272500.0
488000.0,Neighbor median,408750.0
235000.0,Neighbor median,227500.0
277500.0,Neighbor median,271950.0
650000.0,Neighbor median,567500.0
597000.0,Neighbor median,438250.0
470000.0,Neighbor median,525000.0
825750.0,Neighbor median,388499.5
425000.0,Neighbor median,443400.0
229950.0,Neighbor median,249500.0
195000.0,Neighbor median,273500.0
279000.0,Neighbor median,336000.0
755000.0,Neighbor median,661975.0
381000.0,Neighbor median,321500.0
2000000.0,Neighbor median,463750.0
245000.0,Neighbor median,314975.0
580000.0,Neighbor median,704000.0
625504.0,Neighbor median,673250.0
375000.0,Neighbor median,382500.0
325000.0,Neighbor median,295200.0
450000.0,Neighbor median,437500.0
395000.0,Neighbor median,479000.0
415000.0,Neighbor median,257475.0
664000.0,Neighbor median,629000.0
350000.0,Neighbor median,575500.0
616950.0,Neighbor median,659350.0
500000.0,Neighbor median,388750.0
354500.0,Neighbor median,394250.0
596000.0,Neighbor median,659350.0
470000.0,Neighbor median,407500.0
335000.0,Neighbor median,265500.0
485000.0,Neighbor median,614000.0
675000.0,Neighbor median,632500.0
569950.0,Neighbor median,607500.0
450000.0,Neighbor median,429000.0
265000.0,Neighbor median,298250.0
360000.0,Neighbor median,418000.0
155000.0,Neighbor median,282500.0
387990.0,Neighbor median,291250.0
319950.0,Neighbor median,544950.0
455000.0,Neighbor median,355500.0
652000.0,Neighbor median,530500.0
299000.0,Neighbor median,274250.0
480000.0,Neighbor median,438415.0
3650000.0,Neighbor median,1577500.0
334998.0,Neighbor median,377500.0
564450.0,Neighbor median,352500.0
623000.0,Neighbor median,442500.0
485000.0,Neighbor median,495000.0
592500.0,Neighbor median,854500.0
570000.0,Neighbor median,761388.0
330000.0,Neighbor median,379578.0
477000.0,Neighbor median,521000.0
430000.0,Neighbor median,372475.0
475000.0,Neighbor median,464000.0
562000.0,Neighbor median,527500.0
525000.0,Neighbor median,464500.0
395000.0,Neighbor median,443000.0
530000.0,Neighbor median,620000.0
910000.0,Neighbor median,542500.0
440000.0,Neighbor median,688500.0
350000.0,Neighbor median,481500.0
525000.0,Neighbor median,682500.0
630000.0,Neighbor median,585500.0
510000.0,Neighbor median,532500.0
299999.0,Neighbor median,250000.0
196000.0,Neighbor median,303250.0
864000.0,Neighbor median,664162.0
848000.0,Neighbor median,511250.0
370000.0,Neighbor median,335250.0
562200.0,Neighbor median,719000.0
479000.0,Neighbor median,536250.0
1637500.0,Neighbor median,534475.0
485000.0,Neighbor median,871000.0
375000.0,Neighbor median,273750.0
458000.0,Neighbor median,454475.0
303100.0,Neighbor median,352500.0
465000.0,Neighbor median,558550.0
547000.0,Neighbor median,612750.0
320000.0,Neighbor median,298950.0
705000.0,Neighbor median,670000.0
350000.0,Neighbor median,222000.0
286000.0,Neighbor median,320000.0
310000.0,Neighbor median,284000.0
840000.0,Neighbor median,622500.0
535100.0,Neighbor median,472000.0
753888.0,Neighbor median,727500.0
790000.0,Neighbor median,471750.0
179950.0,Neighbor median,220500.0
1070000.0,Neighbor median,982500.0
575000.0,Neighbor median,665000.0
525000.0,Neighbor median,645000.0
565000.0,Neighbor median,511000.0
1020000.0,Neighbor median,605000.0
1636000.0,Neighbor median,614625.0
410000.0,Neighbor median,310475.0
510000.0,Neighbor median,460000.0
378750.0,Neighbor median,367250.0
375000.0,Neighbor median,335500.0
282000.0,Neighbor median,230500.0
815000.0,Neighbor median,649400.0
630000.0,Neighbor median,429000.0
447000.0,Neighbor median,462500.0
320000.0,Neighbor median,296000.0
285000.0,Neighbor median,276250.0
310000.0,Neighbor median,517500.0
675000.0,Neighbor median,657500.0
775000.0,Neighbor median,673500.0
299950.0,Neighbor median,277750.0
1378000.0,Neighbor median,849500.0
220000.0,Neighbor median,275000.0
733000.0,Neighbor median,655000.0
258950.0,Neighbor median,275000.0
268500.0,Neighbor median,246350.0
235000.0,Neighbor median,233250.0
550000.0,Neighbor median,397500.0
800000.0,Neighbor median,511250.0
744000.0,Neighbor median,674000.0
1100000.0,Neighbor median,1225000.0
490000.0,Neighbor median,572500.0
315000.0,Neighbor median,364250.0
450000.0,Neighbor median,339995.0
230000.0,Neighbor median,227500.0
875000.0,Neighbor median,591325.0
400000.0,Neighbor median,561250.0
310950.0,Neighbor median,293500.0
221900.0,Neighbor median,315000.0
1785000.0,Neighbor median,994950.0
550000.0,Neighbor median,500000.0
280000.0,Neighbor median,304900.0
565000.0,Neighbor median,418500.0
740000.0,Neighbor median,803000.0
593000.0,Neighbor median,477500.0
355000.0,Neighbor median,342000.0
664000.0,Neighbor median,568250.0
450000.0,Neighbor median,549475.0
710000.0,Neighbor median,759387.5
325000.0,Neighbor median,237000.0
292500.0,Neighbor median,298950.0
275000.0,Neighbor median,299970.0
589450.0,Neighbor median,425500.0
762400.0,Neighbor median,986750.0
365000.0,Neighbor median,302725.0
375000.0,Neighbor median,452500.0
372500.0,Neighbor median,415500.0
282150.0,Neighbor median,372518.5
850000.0,Neighbor median,1399500.0
325000.0,Neighbor median,227500.0
715000.0,Neighbor median,544775.0
319900.0,Neighbor median,309450.0
525000.0,Neighbor median,425500.0
719000.0,Neighbor median,779665.0
1008000.0,Neighbor median,959500.0
579000.0,Neighbor median,498950.0
1500000.0,Neighbor median,1755500.0
610000.0,Neighbor median,980000.0
496000.0,Neighbor median,480000.0
649950.0,Neighbor median,575000.0
495000.0,Neighbor median,449250.0
1410000.0,Neighbor median,1648500.0
535000.0,Neighbor median,413596.5
475000.0,Neighbor median,536000.0
385500.0,Neighbor median,459975.0
479500.0,Neighbor median,588250.0
750000.0,Neighbor median,474158.5
550000.0,Neighbor median,750000.0
309900.0,Neighbor median,237500.0
565000.0,Neighbor median,457000.0
665000.0,Neighbor median,672500.0
440000.0,Neighbor median,323500.0
320000.0,Neighbor median,359975.0
205000.0,Neighbor median,240000.0
1700000.0,Neighbor median,672500.0
390000.0,Neighbor median,414500.0
320000.0,Neighbor median,346475.0
463828.0,Neighbor median,320000.0
180000.0,Neighbor median,230000.0
145600.0,Neighbor median,251000.0
329500.0,Neighbor median,292500.0
635000.0,Neighbor median,557500.0
270000.0,Neighbor median,325000.0
255000.0,Neighbor median,268500.0
616750.0,Neighbor median,350250.0
185000.0,Neighbor median,204975.0
345000.0,Neighbor median,346000.0
510000.0,Neighbor median,603500.0
365000.0,Neighbor median,310000.0
980000.0,Neighbor median,501250.0
570000.0,Neighbor median,860500.0
247500.0,Neighbor median,663000.0
450000.0,Neighbor median,592500.0
197000.0,Neighbor median,256500.0
900000.0,Neighbor median,707000.0
239950.0,Neighbor median,336272.0
439000.0,Neighbor median,452000.0
820000.0,Neighbor median,706000.0
960000.0,Neighbor median,453250.0
622000.0,Neighbor median,702500.0
279000.0,Neighbor median,321250.0
445500.0,Neighbor median,451000.0
1420000.0,Neighbor median,596500.0
1200000.0,Neighbor median,771000.0
1127500.0,Neighbor median,428000.0
275000.0,Neighbor median,326250.0
610000.0,Neighbor median,634000.0
805000.0,Neighbor median,626750.0
580000.0,Neighbor median,606500.0
360000.0,Neighbor median,410740.0
1399950.0,Neighbor median,721000.0
335000.0,Neighbor median,408895.0
470450.0,Neighbor median,686375.0
655000.0,Neighbor median,738000.0
292500.0,Neighbor median,336500.0
1029000.0,Neighbor median,870000.0
853505.0,Neighbor median,702475.0
650000.0,Neighbor median,440000.0
445000.0,Neighbor median,262500.0
589000.0,Neighbor median,528750.0
320000.0,Neighbor median,338750.0
135900.0,Neighbor median,231975.0
1870000.0,Neighbor median,1037500.0
300000.0,Neighbor median,289475.0
515000.0,Neighbor median,487500.0
577000.0,Neighbor median,692825.0
737500.0,Neighbor median,518250.0
680000.0,Neighbor median,695000.0
180000.0,Neighbor median,254975.0
810000.0,Neighbor median,643900.0
251000.0,Neighbor median,233000.0
609000.0,Neighbor median,464500.0
422500.0,Neighbor median,563250.0
170000.0,Neighbor median,225673.5
487500.0,Neighbor median,497000.0
1298000.0,Neighbor median,1060000.0
709000.0,Neighbor median,558000.0
380000.0,Neighbor median,509975.0
280000.0,Neighbor median,222500.0
279000.0,Neighbor median,302725.0
355000.0,Neighbor median,395475.0
633634.0,Neighbor median,607500.0
291500.0,Neighbor median,273975.0
349170.0,Neighbor median,300675.0
752875.0,Neighbor median,457000.0
255000.0,Neighbor median,259975.0
679000.0,Neighbor median,528000.0
425000.0,Neighbor median,282500.0
642000.0,Neighbor median,671225.0
225000.0,Neighbor median,252000.0
227000.0,Neighbor median,289000.0
343500.0,Neighbor median,366875.0
375000.0,Neighbor median,612500.0
353000.0,Neighbor median,332475.0
265000.0,Neighbor median,225000.0
635000.0,Neighbor median,805000.0
169950.0,Neighbor median,265500.0
318000.0,Neighbor median,246500.0
317000.0,Neighbor median,338000.0
306888.0,Neighbor median,415000.0
572800.0,Neighbor median,613100.0
1313000.0,Neighbor median,820250.0
1175000.0,Neighbor median,648500.0
541800.0,Neighbor median,227250.0
875000.0,Neighbor median,761388.0
520000.0,Neighbor median,526500.0
529000.0,Neighbor median,569550.0
402000.0,Neighbor median,509500.0
315000.0,Neighbor median,330000.0
560200.0,Neighbor median,652500.0
153503.0,Neighbor median,225000.0
280000.0,Neighbor median,298500.0
760000.0,Neighbor median,872500.0
480000.0,Neighbor median,449475.0
500000.0,Neighbor median,495000.0
240000.0,Neighbor median,266700.0
353000.0,Neighbor median,322450.0
310000.0,Neighbor median,510000.0
555000.0,Neighbor median,525000.0
225800.0,Neighbor median,259975.0
258305.0,Neighbor median,346500.0
165050.0,Neighbor median,257475.0
690000.0,Neighbor median,747500.0
250000.0,Neighbor median,270500.0
414000.0,Neighbor median,422500.0
540000.0,Neighbor median,400000.0
629000.0,Neighbor median,302500.0
370000.0,Neighbor median,560750.0
255000.0,Neighbor median,289500.0
365000.0,Neighbor median,371500.0
324950.0,Neighbor median,354000.0
260000.0,Neighbor median,255999.5
755000.0,Neighbor median,455275.0
465000.0,Neighbor median,573750.0
874000.0,Neighbor median,930000.0
700000.0,Neighbor median,560000.0
395000.0,Neighbor median,402000.0
1350000.0,Neighbor median,943750.0
360000.0,Neighbor median,358975.0
475000.0,Neighbor median,409999.5
545000.0,Neighbor median,496000.0
425000.0,Neighbor median,505000.0
998000.0,Neighbor median,888800.0
665000.0,Neighbor median,575000.0
170500.0,Neighbor median,318750.0
1350000.0,Neighbor median,1745000.0
370000.0,Neighbor median,299500.0
365000.0,Neighbor median,539585.0
625000.0,Neighbor median,538250.0
1165000.0,Neighbor median,712500.0
435000.0,Neighbor median,417750.0
163800.0,Neighbor median,418500.0
490000.0,Neighbor median,505000.0
286000.0,Neighbor median,220500.0
242000.0,Neighbor median,224000.0
720000.0,Neighbor median,635000.0
600000.0,Neighbor median,602500.0
269000.0,Neighbor median,317475.0
220000.0,Neighbor median,249000.0
349000.0,Neighbor median,443000.0
340000.0,Neighbor median,390000.0
421000.0,Neighbor median,451000.0
450000.0,Neighbor median,512750.0
305000.0,Neighbor median,504000.0
595000.0,Neighbor median,362250.0
366000.0,Neighbor median,558500.0
608000.0,Neighbor median,658550.0
440000.0,Neighbor median,826500.0
970000.0,Neighbor median,775150.0
450000.0,Neighbor median,400750.0
399950.0,Neighbor median,308000.0
425000.0,Neighbor median,529500.0
240000.0,Neighbor median,266500.0
1225000.0,Neighbor median,1057500.0
280000.0,Neighbor median,293500.0
585000.0,Neighbor median,587500.0
285000.0,Neighbor median,317500.0
1600000.0,Neighbor median,1017450.0
517950.0,Neighbor median,603000.0
349900.0,Neighbor median,369950.0
288349.0,Neighbor median,335350.0
420000.0,Neighbor median,455500.0
463800.0,Neighbor median,723000.0
839000.0,Neighbor median,881500.0
829000.0,Neighbor median,554500.0
585000.0,Neighbor median,717500.0
345000.0,Neighbor median,394000.0
545000.0,Neighbor median,446500.0
432500.0,Neighbor median,405475.0
1465000.0,Neighbor median,937500.0
212000.0,Neighbor median,282500.0
427500.0,Neighbor median,362450.0
279000.0,Neighbor median,324000.0
800000.0,Neighbor median,445000.0
914600.0,Neighbor median,892000.0
525000.0,Neighbor median,516000.0
410000.0,Neighbor median,494000.0
230000.0,Neighbor median,315975.0
260000.0,Neighbor median,428500.0
219000.0,Neighbor median,270500.0
546940.0,Neighbor median,305000.0
300000.0,Neighbor median,266250.0
400000.0,Neighbor median,496000.0
700000.0,Neighbor median,608500.0
570000.0,Neighbor median,504000.0
270000.0,Neighbor median,259750.0
693000.0,Neighbor median,680000.0
478000.0,Neighbor median,774500.0
225000.0,Neighbor median,229975.0
355000.0,Neighbor median,304000.0
696500.0,Neighbor median,577500.0
440000.0,Neighbor median,451500.0
399950.0,Neighbor median,412500.0
681500.0,Neighbor median,603075.0
443000.0,Neighbor median,390750.0
306000.0,Neighbor median,367000.0
445800.0,Neighbor median,387200.0
880000.0,Neighbor median,856500.0
530000.0,Neighbor median,462500.0
827235.0,Neighbor median,856500.0
615500.0,Neighbor median,542500.0
402000.0,Neighbor median,506500.0
989000.0,Neighbor median,807500.0
340000.0,Neighbor median,279750.0
1050000.0,Neighbor median,743250.0
325000.0,Neighbor median,444750.0
629950.0,Neighbor median,639950.0
276000.0,Neighbor median,233250.0
425000.0,Neighbor median,491650.0
452000.0,Neighbor median,520975.0
418000.0,Neighbor median,413596.5
365000.0,Neighbor median,257500.0
257000.0,Neighbor median,277500.0
1005000.0,Neighbor median,673750.0
1236000.0,Neighbor median,639975.0
715000.0,Neighbor median,781250.0
385000.0,Neighbor median,343200.0
353000.0,Neighbor median,368750.0
430000.0,Neighbor median,372500.0
497000.0,Neighbor median,535000.0
276000.0,Neighbor median,207500.0
270000.0,Neighbor median,274500.0
548000.0,Neighbor median,490000.0
120000.0,Neighbor median,276900.0
883000.0,Neighbor median,905000.0
212000.0,Neighbor median,283000.0
119500.0,Neighbor median,349975.0
311000.0,Neighbor median,329975.0
345000.0,Neighbor median,438000.0
695000.0,Neighbor median,514000.0
800000.0,Neighbor median,731250.0
518000.0,Neighbor median,632500.0
1300000.0,Neighbor median,644975.0
209950.0,Neighbor median,239250.0
350000.0,Neighbor median,432250.0
500000.0,Neighbor median,439000.0
335000.0,Neighbor median,255000.0
1000000.0,Neighbor median,677500.0
619950.0,Neighbor median,657750.0
550000.0,Neighbor median,733500.0
325000.0,Neighbor median,374500.0
610000.0,Neighbor median,592500.0
525000.0,Neighbor median,242487.5
870000.0,Neighbor median,631000.0
410000.0,Neighbor median,507500.0
850000.0,Neighbor median,482500.0
430000.0,Neighbor median,345000.0
375000.0,Neighbor median,312500.0
795000.0,Neighbor median,481487.5
249000.0,Neighbor median,358500.0
265500.0,Neighbor median,261500.0
2700000.0,Neighbor median,782500.0
760000.0,Neighbor median,644250.0
469950.0,Neighbor median,379950.0
597000.0,Neighbor median,371250.0
260000.0,Neighbor median,360000.0
224000.0,Neighbor median,232500.0
765000.0,Neighbor median,622500.0
376000.0,Neighbor median,524975.0
295450.0,Neighbor median,266726.5
2095000.0,Neighbor median,717000.0
449250.0,Neighbor median,347475.0
792000.0,Neighbor median,600000.0
680000.0,Neighbor median,485000.0
320000.0,Neighbor median,359975.0
252000.0,Neighbor median,347500.0
1135000.0,Neighbor median,995750.0
607500.0,Neighbor median,585000.0
303500.0,Neighbor median,297000.0
530000.0,Neighbor median,527750.0
1360000.0,Neighbor median,586500.0
285000.0,Neighbor median,376450.0
895000.0,Neighbor median,692500.0
479000.0,Neighbor median,285950.0
380000.0,Neighbor median,400000.0
500000.0,Neighbor median,522500.0
490000.0,Neighbor median,912500.0
760000.0,Neighbor median,987000.0
322500.0,Neighbor median,319200.0
129000.0,Neighbor median,304525.0
638250.0,Neighbor median,624000.0
840000.0,Neighbor median,558000.0
375000.0,Neighbor median,469000.0
535000.0,Neighbor median,252500.0
415000.0,Neighbor median,569250.0
294350.0,Neighbor median,282500.0
1326000.0,Neighbor median,819002.5
640000.0,Neighbor median,690000.0
359950.0,Neighbor median,308050.0
150000.0,Neighbor median,260725.0
330000.0,Neighbor median,400000.0
902000.0,Neighbor median,925000.0
815000.0,Neighbor median,577500.0
339000.0,Neighbor median,353000.0
699950.0,Neighbor median,472000.0
491000.0,Neighbor median,481500.0
620000.0,Neighbor median,642750.0
1020000.0,Neighbor median,832500.0
105500.0,Neighbor median,312500.0
245000.0,Neighbor median,252500.0
370000.0,Neighbor median,536900.0
217000.0,Neighbor median,228500.0
335900.0,Neighbor median,342000.0
325000.0,Neighbor median,322000.0
375000.0,Neighbor median,519000.0
495000.0,Neighbor median,480000.0
820000.0,Neighbor median,662000.0
539900.0,Neighbor median,481000.0
390000.0,Neighbor median,311000.0
330000.0,Neighbor median,367500.0
265000.0,Neighbor median,415975.0
420000.0,Neighbor median,575000.0
309000.0,Neighbor median,317475.0
655000.0,Neighbor median,614000.0
370000.0,Neighbor median,304750.0
567000.0,Neighbor median,585444.0
320000.0,Neighbor median,342500.0
600000.0,Neighbor median,400375.0
356000.0,Neighbor median,345750.0
565000.0,Neighbor median,589250.0
999950.0,Neighbor median,578000.0
261490.0,Neighbor median,272500.0
422000.0,Neighbor median,270000.0
280000.0,Neighbor median,372475.0
1700000.0,Neighbor median,850000.0
3395000.0,Neighbor median,968250.0
975000.0,Neighbor median,617500.0
911100.0,Neighbor median,547500.0
539000.0,Neighbor median,604000.0
415000.0,Neighbor median,383250.0
750000.0,Neighbor median,616500.0
850000.0,Neighbor median,765000.0
378950.0,Neighbor median,349905.0
1112750.0,Neighbor median,717500.0
326000.0,Neighbor median,300000.0
1255000.0,Neighbor median,893000.0
1250000.0,Neighbor median,944000.0
475000.0,Neighbor median,329350.0
426250.0,Neighbor median,257500.0
450000.0,Neighbor median,589475.0
549900.0,Neighbor median,673250.0
290000.0,Neighbor median,347475.0
343000.0,Neighbor median,403500.0
425000.0,Neighbor median,528500.0
752000.0,Neighbor median,709500.0
250000.0,Neighbor median,261750.0
355000.0,Neighbor median,368750.0
330000.0,Neighbor median,255000.0
175000.0,Neighbor median,237475.0
315001.0,Neighbor median,347475.0
430000.0,Neighbor median,302500.0
625000.0,Neighbor median,267000.0
272925.0,Neighbor median,464750.0
315000.0,Neighbor median,337750.0
189900.0,Neighbor median,257250.0
360000.0,Neighbor median,293000.0
413000.0,Neighbor median,449475.0
208000.0,Neighbor median,250500.0
505000.0,Neighbor median,442900.0
520000.0,Neighbor median,667720.0
489000.0,Neighbor median,582000.0
603000.0,Neighbor median,427750.0
325000.0,Neighbor median,339500.0
588000.0,Neighbor median,539000.0
580000.0,Neighbor median,645000.0
490000.0,Neighbor median,498250.0
345000.0,Neighbor median,452777.5
330000.0,Neighbor median,273500.0
1266520.0,Neighbor median,985200.0
775000.0,Neighbor median,833500.0
330000.0,Neighbor median,225500.0
319000.0,Neighbor median,520500.0
245000.0,Neighbor median,264950.0
234000.0,Neighbor median,207500.0
875000.0,Neighbor median,550000.0
2320000.0,Neighbor median,1367200.0
399000.0,Neighbor median,383500.0
550000.0,Neighbor median,569250.0
1635000.0,Neighbor median,922500.0
425000.0,Neighbor median,509500.0
224000.0,Neighbor median,203000.0
266000.0,Neighbor median,298375.0
455000.0,Neighbor median,480000.0
175000.0,Neighbor median,266500.0
319950.0,Neighbor median,304699.5
465000.0,Neighbor median,360000.0
780000.0,Neighbor median,565501.0
557865.0,Neighbor median,557500.0
258000.0,Neighbor median,269500.0
410000.0,Neighbor median,384750.0
599950.0,Neighbor median,407500.0
1050000.0,Neighbor median,543000.0
750000.0,Neighbor median,505250.0
545000.0,Neighbor median,481295.0
856000.0,Neighbor median,665000.0
749999.0,Neighbor median,807000.0
978500.0,Neighbor median,969750.0
250000.0,Neighbor median,246250.0
751000.0,Neighbor median,762000.0
738000.0,Neighbor median,514000.0
435000.0,Neighbor median,407500.0
932808.0,Neighbor median,1075500.0
475000.0,Neighbor median,432500.0
515000.0,Neighbor median,514000.0
559000.0,Neighbor median,533000.0
875000.0,Neighbor median,1367200.0
307000.0,Neighbor median,321000.0
543000.0,Neighbor median,404500.0
280000.0,Neighbor median,240500.0
157340.0,Neighbor median,294500.0
692500.0,Neighbor median,669875.0
199000.0,Neighbor median,277000.0
570000.0,Neighbor median,540500.0
1112500.0,Neighbor median,657500.0
576000.0,Neighbor median,617153.0
593000.0,Neighbor median,590000.0
691000.0,Neighbor median,885000.0
1012000.0,Neighbor median,813500.0
915000.0,Neighbor median,1310000.0
400000.0,Neighbor median,519000.0
329000.0,Neighbor median,437500.0
516500.0,Neighbor median,494575.0
275000.0,Neighbor median,287000.0
390000.0,Neighbor median,299975.0
400000.0,Neighbor median,459000.0
1125000.0,Neighbor median,637500.0
545000.0,Neighbor median,497500.0
460000.0,Neighbor median,549455.0
390000.0,Neighbor median,309500.0
435000.0,Neighbor median,308250.0
1206690.0,Neighbor median,645500.0
339999.0,Neighbor median,368250.0
192500.0,Neighbor median,262450.0
257000.0,Neighbor median,246225.0
435000.0,Neighbor median,507500.0
731000.0,Neighbor median,747000.0
692500.0,Neighbor median,654975.0
422120.0,Neighbor median,409999.5
717500.0,Neighbor median,663250.0
540000.0,Neighbor median,711000.0
856600.0,Neighbor median,747500.0
349000.0,Neighbor median,332250.0
392500.0,Neighbor median,494000.0
679900.0,Neighbor median,454000.0
398000.0,Neighbor median,429950.0
699000.0,Neighbor median,593500.0
418000.0,Neighbor median,367750.0
375000.0,Neighbor median,266000.0
137900.0,Neighbor median,239975.0
450000.0,Neighbor median,299625.0
355000.0,Neighbor median,515565.0
595000.0,Neighbor median,1000000.0
340000.0,Neighbor median,366875.0
676500.0,Neighbor median,765000.0
845000.0,Neighbor median,1188020.0
760000.0,Neighbor median,761250.0
196900.0,Neighbor median,225975.0
335000.0,Neighbor median,345000.0
197000.0,Neighbor median,289500.0
466000.0,Neighbor median,333500.0
674950.0,Neighbor median,545500.0
700000.0,Neighbor median,475250.0
610000.0,Neighbor median,806750.0
725000.0,Neighbor median,524444.0
803100.0,Neighbor median,678550.0
415000.0,Neighbor median,362500.0
377000.0,Neighbor median,534050.0
553000.0,Neighbor median,467000.0
401000.0,Neighbor median,456000.0
1325000.0,Neighbor median,642500.0
760000.0,Neighbor median,600000.0
277000.0,Neighbor median,309500.0
1260000.0,Neighbor median,710000.0
624000.0,Neighbor median,686550.0
339888.0,Neighbor median,297500.0
355000.0,Neighbor median,407500.0
480000.0,Neighbor median,692825.0
263500.0,Neighbor median,298950.0
595000.0,Neighbor median,606750.0
450000.0,Neighbor median,535500.0
452000.0,Neighbor median,298950.0
601450.0,Neighbor median,596000.0
635000.0,Neighbor median,801000.0
215000.0,Neighbor median,276900.0
969500.0,Neighbor median,692500.0
450000.0,Neighbor median,467500.0
400000.0,Neighbor median,323750.0
235000.0,Neighbor median,288500.0
422250.0,Neighbor median,513850.0
760000.0,Neighbor median,893000.0
595000.0,Neighbor median,723000.0
215000.0,Neighbor median,266975.0
549950.0,Neighbor median,593000.0
209977.0,Neighbor median,221500.0
455000.0,Neighbor median,432500.0
498000.0,Neighbor median,321000.0
365000.0,Neighbor median,322444.0
197500.0,Neighbor median,346500.0
630000.0,Neighbor median,751500.0
178000.0,Neighbor median,254050.5
555000.0,Neighbor median,358975.0
540000.0,Neighbor median,438500.0
385000.0,Neighbor median,501000.0
275000.0,Neighbor median,278755.0
570000.0,Neighbor median,594750.0
950000.0,Neighbor median,615000.0
645000.0,Neighbor median,494900.0
334900.0,Neighbor median,346500.0
398096.0,Neighbor median,316848.5
707500.0,Neighbor median,531000.0
532500.0,Neighbor median,467500.0
532000.0,Neighbor median,575000.0
623000.0,Neighbor median,558000.0
1100000.0,Neighbor median,1625000.0
930000.0,Neighbor median,627500.0
316000.0,Neighbor median,332450.0
370000.0,Neighbor median,279475.0
482000.0,Neighbor median,435000.0
949880.0,Neighbor median,1029000.0
370000.0,Neighbor median,400475.0
440000.0,Neighbor median,512750.0
530000.0,Neighbor median,651501.0
1035000.0,Neighbor median,641500.0
419900.0,Neighbor median,317475.0
515000.0,Neighbor median,363080.0
950000.0,Neighbor median,774000.0
625000.0,Neighbor median,702000.0
230000.0,Neighbor median,278000.0
585000.0,Neighbor median,395000.0
340000.0,Neighbor median,490000.0
359950.0,Neighbor median,349950.0
405000.0,Neighbor median,321675.0
987000.0,Neighbor median,976500.0
716500.0,Neighbor median,383250.0
464950.0,Neighbor median,298000.0
289000.0,Neighbor median,353475.0
360000.0,Neighbor median,312975.0
760000.0,Neighbor median,386500.0
525000.0,Neighbor median,634500.0
438900.0,Neighbor median,340250.0
600000.0,Neighbor median,495000.0
292000.0,Neighbor median,254500.0
1289990.0,Neighbor median,826500.0
335500.0,Neighbor median,399950.0
430000.0,Neighbor median,413596.5
300000.0,Neighbor median,257000.0
640000.0,Neighbor median,668000.0
781500.0,Neighbor median,667500.0
250000.0,Neighbor median,392500.0
250000.0,Neighbor median,470000.0
265000.0,Neighbor median,267750.0
245000.0,Neighbor median,213475.0
687500.0,Neighbor median,1005000.0
535000.0,Neighbor median,487475.0
475000.0,Neighbor median,472500.0
193000.0,Neighbor median,284750.0
345000.0,Neighbor median,276750.0
395000.0,Neighbor median,361500.0
208000.0,Neighbor median,211500.0
450000.0,Neighbor median,522125.0
222000.0,Neighbor median,291500.0
538000.0,Neighbor median,471000.0
269950.0,Neighbor median,289475.0
260000.0,Neighbor median,266975.0
1103990.0,Neighbor median,572500.0
295000.0,Neighbor median,405500.0
775000.0,Neighbor median,774000.0
312000.0,Neighbor median,307000.0
545000.0,Neighbor median,510000.0
580000.0,Neighbor median,749250.0
179000.0,Neighbor median,251389.5
321000.0,Neighbor median,280463.5
415000.0,Neighbor median,314750.0
164950.0,Neighbor median,333750.0
715000.0,Neighbor median,998000.0
265950.0,Neighbor median,288000.0
275000.0,Neighbor median,344750.0
437400.0,Neighbor median,471000.0
156601.0,Neighbor median,351000.0
772000.0,Neighbor median,539000.0
641000.0,Neighbor median,569250.0
366000.0,Neighbor median,438000.0
920000.0,Neighbor median,540500.0
313000.0,Neighbor median,455500.0
450000.0,Neighbor median,316000.0
295000.0,Neighbor median,807000.0
474950.0,Neighbor median,453250.0
198000.0,Neighbor median,210500.0
545000.0,Neighbor median,538750.0
204000.0,Neighbor median,240000.0
942500.0,Neighbor median,662500.0
205000.0,Neighbor median,323600.0
330000.0,Neighbor median,370000.0
1898000.0,Neighbor median,1367200.0
1013050.0,Neighbor median,1152975.0
350000.0,Neighbor median,550000.0
530000.0,Neighbor median,594500.0
729000.0,Neighbor median,644000.0
817500.0,Neighbor median,774500.0
399000.0,Neighbor median,530500.0
780000.0,Neighbor median,327500.0
562000.0,Neighbor median,384975.0
950000.0,Neighbor median,649250.0
484000.0,Neighbor median,437500.0
700000.0,Neighbor median,504500.0
272000.0,Neighbor median,299999.5
469000.0,Neighbor median,537000.0
469950.0,Neighbor median,397000.0
487000.0,Neighbor median,418100.0
399000.0,Neighbor median,415500.0
330000.0,Neighbor median,816000.0
835000.0,Neighbor median,774500.0
2500000.0,Neighbor median,987500.0
933399.0,Neighbor median,606250.0
269950.0,Neighbor median,263750.0
865000.0,Neighbor median,800000.0
510000.0,Neighbor median,249950.0
890000.0,Neighbor median,600000.0
365000.0,Neighbor median,262250.0
291000.0,Neighbor median,227500.0
860000.0,Neighbor median,777000.0
710000.0,Neighbor median,573475.0
399950.0,Neighbor median,317500.0
331950.0,Neighbor median,304699.5
465000.0,Neighbor median,541250.0
699000.0,Neighbor median,458500.0
580000.0,Neighbor median,522500.0
345000.0,Neighbor median,549975.0
704111.0,Neighbor median,789975.0
607000.0,Neighbor median,448500.0
450000.0,Neighbor median,503500.0
817500.0,Neighbor median,717000.0
500000.0,Neighbor median,519000.0
250000.0,Neighbor median,327475.0
365000.0,Neighbor median,387500.0
219950.0,Neighbor median,263000.0
600000.0,Neighbor median,532500.0
355425.0,Neighbor median,334000.0
284000.0,Neighbor median,335350.0
1195000.0,Neighbor median,1412000.0
739888.0,Neighbor median,766888.0
215000.0,Neighbor median,269000.0
260000.0,Neighbor median,260000.0
1290000.0,Neighbor median,440500.0
1045000.0,Neighbor median,845250.0
1099500.0,Neighbor median,779000.0
510000.0,Neighbor median,546250.0
442500.0,Neighbor median,436700.0
546000.0,Neighbor median,645500.0
880000.0,Neighbor median,614500.0
261000.0,Neighbor median,314000.0
1050000.0,Neighbor median,804250.0
485000.0,Neighbor median,779500.0
480000.0,Neighbor median,446144.0
520000.0,Neighbor median,473975.0
320000.0,Neighbor median,354000.0
399900.0,Neighbor median,483500.0
356000.0,Neighbor median,339500.0
338150.0,Neighbor median,262450.0
615000.0,Neighbor median,635000.0
315000.0,Neighbor median,359000.0
970000.0,Neighbor median,667500.0
294000.0,Neighbor median,309312.5
281000.0,Neighbor median,245250.0
679950.0,Neighbor median,612000.0
370000.0,Neighbor median,265500.0
700000.0,Neighbor median,380000.0
465750.0,Neighbor median,312050.0
625000.0,Neighbor median,792500.0
792000.0,Neighbor median,695000.0
163250.0,Neighbor median,259250.0
353000.0,Neighbor median,644500.0
1087500.0,Neighbor median,785000.0
430000.0,Neighbor median,322495.0
571500.0,Neighbor median,232500.0
804100.0,Neighbor median,585000.0
624000.0,Neighbor median,531300.0
385000.0,Neighbor median,293500.0
249000.0,Neighbor median,265750.0
389900.0,Neighbor median,279500.0
575000.0,Neighbor median,500500.0
560000.0,Neighbor median,469975.0
439950.0,Neighbor median,590675.0
1264000.0,Neighbor median,827000.0
540000.0,Neighbor median,512500.0
899000.0,Neighbor median,1037500.0
390000.0,Neighbor median,649400.0
539500.0,Neighbor median,789975.0
278500.0,Neighbor median,242500.0
305000.0,Neighbor median,302500.0
530000.0,Neighbor median,554025.0
407000.0,Neighbor median,457500.0
1482500.0,Neighbor median,1220000.0
299500.0,Neighbor median,398500.0
589000.0,Neighbor median,597500.0
370500.0,Neighbor median,487506.0
460000.0,Neighbor median,509500.0
415000.0,Neighbor median,485000.0
157000.0,Neighbor median,237500.0
280400.0,Neighbor median,307250.0
400000.0,Neighbor median,346475.0
304500.0,Neighbor median,472500.0
776000.0,Neighbor median,516250.0
820000.0,Neighbor median,756250.0
568000.0,Neighbor median,331500.0
576000.0,Neighbor median,411900.0
384000.0,Neighbor median,647500.0
425000.0,Neighbor median,493750.0
475000.0,Neighbor median,555550.0
249900.0,Neighbor median,316000.0
276500.0,Neighbor median,235975.0
1325000.0,Neighbor median,1247000.0
254922.0,Neighbor median,333500.0
700000.0,Neighbor median,605575.0
702000.0,Neighbor median,494575.0
357500.0,Neighbor median,322250.0
650000.0,Neighbor median,514000.0
420000.0,Neighbor median,368250.0
661000.0,Neighbor median,772000.0
740000.0,Neighbor median,864204.5
250000.0,Neighbor median,273924.0
159075.0,Neighbor median,262125.0
725000.0,Neighbor median,1095475.0
1795000.0,Neighbor median,1701500.0
550000.0,Neighbor median,518000.0
195000.0,Neighbor median,245000.0
262000.0,Neighbor median,262250.0
1275000.0,Neighbor median,1076250.0
319900.0,Neighbor median,271000.0
300000.0,Neighbor median,367500.0
284000.0,Neighbor median,264700.0
554990.0,Neighbor median,448000.0
183000.0,Neighbor median,253500.0
652500.0,Neighbor median,581900.0
580000.0,Neighbor median,437500.0
561000.0,Neighbor median,518750.0
791000.0,Neighbor median,741000.0
500000.0,Neighbor median,568750.0
1205000.0,Neighbor median,739000.0
399500.0,Neighbor median,425250.0
347500.0,Neighbor median,335745.0
330000.0,Neighbor median,444250.0
621138.0,Neighbor median,623900.0
273500.0,Neighbor median,254100.0
260000.0,Neighbor median,344000.0
690000.0,Neighbor median,749250.0
450000.0,Neighbor median,354500.0
840000.0,Neighbor median,864204.5
540000.0,Neighbor median,677500.0
587500.0,Neighbor median,590000.0
255000.0,Neighbor median,189475.0
275900.0,Neighbor median,232000.0
440000.0,Neighbor median,437750.0
368500.0,Neighbor median,235000.0
299000.0,Neighbor median,269000.0
310000.0,Neighbor median,332500.0
375000.0,Neighbor median,385000.0
415250.0,Neighbor median,375000.0
785000.0,Neighbor median,497500.0
662500.0,Neighbor median,475000.0
390000.0,Neighbor median,482450.0
499900.0,Neighbor median,519000.0
408000.0,Neighbor median,245250.0
392500.0,Neighbor median,401000.0
540000.0,Neighbor median,485000.0
517000.0,Neighbor median,493000.0
160000.0,Neighbor median,227475.0
149900.0,Neighbor median,227500.0
380000.0,Neighbor median,541000.0
399950.0,Neighbor median,441000.0
290000.0,Neighbor median,309975.0
624000.0,Neighbor median,535500.0
397000.0,Neighbor median,332250.0
626000.0,Neighbor median,558000.0
270000.0,Neighbor median,304500.0
600000.0,Neighbor median,495000.0
201000.0,Neighbor median,320500.0
149000.0,Neighbor median,252475.0
580000.0,Neighbor median,640000.0
465000.0,Neighbor median,736100.0
400000.0,Neighbor median,289583.5
372000.0,Neighbor median,317500.0
280005.0,Neighbor median,257500.0
300000.0,Neighbor median,329350.0
515000.0,Neighbor median,438500.0
252500.0,Neighbor median,401250.0
215000.0,Neighbor median,335250.0
679000.0,Neighbor median,401975.0
208000.0,Neighbor median,232275.0
272000.0,Neighbor median,239950.0
1410000.0,Neighbor median,550000.0
760000.0,Neighbor median,442500.0
699950.0,Neighbor median,580000.0
495200.0,Neighbor median,457000.0
317500.0,Neighbor median,342975.0
695000.0,Neighbor median,580500.0
228000.0,Neighbor median,434975.0
290000.0,Neighbor median,267500.0
435000.0,Neighbor median,467000.0
619000.0,Neighbor median,685400.0
627000.0,Neighbor median,577594.0
802500.0,Neighbor median,864204.5
449900.0,Neighbor median,399875.0
315000.0,Neighbor median,244750.0
1780000.0,Neighbor median,993500.0
317950.0,Neighbor median,286250.0
224000.0,Neighbor median,246750.0
632500.0,Neighbor median,568000.0
400000.0,Neighbor median,433750.0
304000.0,Neighbor median,444500.0
521000.0,Neighbor median,532000.0
780000.0,Neighbor median,648750.0
752000.0,Neighbor median,870000.0
388500.0,Neighbor median,308750.0
474905.0,Neighbor median,521565.0
200000.0,Neighbor median,358750.0
484000.0,Neighbor median,402500.0
475000.0,Neighbor median,274500.0
515000.0,Neighbor median,518250.0
372000.0,Neighbor median,419000.0
352500.0,Neighbor median,395000.0
490000.0,Neighbor median,525000.0
654000.0,Neighbor median,465000.0
576250.0,Neighbor median,543250.0
950000.0,Neighbor median,679957.5
240500.0,Neighbor median,237500.0
332000.0,Neighbor median,337444.0
135000.0,Neighbor median,199970.0
930000.0,Neighbor median,642500.0
1230000.0,Neighbor median,932500.0
1338750.0,Neighbor median,353500.0
700000.0,Neighbor median,761250.0
1000000.0,Neighbor median,651600.0
542300.0,Neighbor median,497500.0
459000.0,Neighbor median,443725.0
350000.0,Neighbor median,259500.0
385000.0,Neighbor median,364750.0
622500.0,Neighbor median,566250.0
290000.0,Neighbor median,335000.0
622000.0,Neighbor median,620000.0
420000.0,Neighbor median,552500.0
400000.0,Neighbor median,502506.0
490000.0,Neighbor median,602500.0
477500.0,Neighbor median,535900.0
2250000.0,Neighbor median,1737500.0
620000.0,Neighbor median,320000.0
405000.0,Neighbor median,474158.5
215000.0,Neighbor median,365000.0
256000.0,Neighbor median,265000.0
1057000.0,Neighbor median,562500.0
730000.0,Neighbor median,977500.0
207000.0,Neighbor median,246750.0
625000.0,Neighbor median,575250.0
289659.0,Neighbor median,262950.0
375000.0,Neighbor median,555000.0
930000.0,Neighbor median,540250.0
550000.0,Neighbor median,397475.0
333000.0,Neighbor median,346000.0
505000.0,Neighbor median,580500.0
270000.0,Neighbor median,262475.0
308950.0,Neighbor median,309975.0
5110800.0,Neighbor median,1015000.0
325000.0,Neighbor median,427150.0
375000.0,Neighbor median,345750.0
200000.0,Neighbor median,277500.0
387000.0,Neighbor median,300000.0
280000.0,Neighbor median,254500.0
221700.0,Neighbor median,254100.0
390000.0,Neighbor median,424975.0
210000.0,Neighbor median,261250.0
522500.0,Neighbor median,385000.0
399500.0,Neighbor median,457500.0
415000.0,Neighbor median,455000.0
625000.0,Neighbor median,687500.0
677000.0,Neighbor median,702500.0
794154.0,Neighbor median,548000.0
700000.0,Neighbor median,359950.0
277000.0,Neighbor median,280438.5
770000.0,Neighbor median,825500.0
403000.0,Neighbor median,625000.0
461000.0,Neighbor median,518500.0
263000.0,Neighbor median,466500.0
507000.0,Neighbor median,556500.0
235500.0,Neighbor median,261125.0
541125.0,Neighbor median,621500.0
734000.0,Neighbor median,428500.0
495000.0,Neighbor median,476000.0
618080.0,Neighbor median,620000.0
237000.0,Neighbor median,210500.0
345000.0,Neighbor median,316250.0
374500.0,Neighbor median,428500.0
399950.0,Neighbor median,608500.0
246000.0,Neighbor median,261500.0
329950.0,Neighbor median,325250.0
271000.0,Neighbor median,245750.0
335500.0,Neighbor median,456000.0
619000.0,Neighbor median,376000.0
360000.0,Neighbor median,324000.0
653450.0,Neighbor median,666500.0
305000.0,Neighbor median,353500.0
300000.0,Neighbor median,330000.0
500000.0,Neighbor median,460975.0
435000.0,Neighbor median,474158.5
402000.0,Neighbor median,608500.0
440000.0,Neighbor median,440500.0
375000.0,Neighbor median,548050.0
245000.0,Neighbor median,253500.0
330000.0,Neighbor median,250000.0
552500.0,Neighbor median,712500.0
565000.0,Neighbor median,557750.0
399950.0,Neighbor median,442000.0
1430000.0,Neighbor median,1774500.0
352000.0,Neighbor median,281255.0
100000.0,Neighbor median,255000.0
354800.0,Neighbor median,300500.0
333000.0,Neighbor median,415000.0
594950.0,Neighbor median,576750.0
440000.0,Neighbor median,802500.0
265000.0,Neighbor median,332500.0
332000.0,Neighbor median,290000.0
489950.0,Neighbor median,397500.0
210000.0,Neighbor median,230750.0
375000.0,Neighbor median,525000.0
447500.0,Neighbor median,447500.0
335000.0,Neighbor median,339500.0
294000.0,Neighbor median,256475.0
930000.0,Neighbor median,584500.0
335000.0,Neighbor median,302500.0
258000.0,Neighbor median,396500.0
187000.0,Neighbor median,264975.0
525000.0,Neighbor median,381475.0
320000.0,Neighbor median,282000.0
449000.0,Neighbor median,509975.0
760005.0,Neighbor median,708500.0
675000.0,Neighbor median,502500.0
830000.0,Neighbor median,633500.0
455800.0,Neighbor median,609000.0
225500.0,Neighbor median,231301.5
314500.0,Neighbor median,296000.0
220000.0,Neighbor median,245000.0
525000.0,Neighbor median,439500.0
471835.0,Neighbor median,316250.0
720000.0,Neighbor median,545000.0
775000.0,Neighbor median,525000.0
642000.0,Neighbor median,686500.0
285000.0,Neighbor median,534750.0
666000.0,Neighbor median,527500.0
1164000.0,Neighbor median,692500.0
740000.0,Neighbor median,519500.0
1225000.0,Neighbor median,1091200.0
330000.0,Neighbor median,415000.0
739900.0,Neighbor median,779975.0
325000.0,Neighbor median,347000.0
490000.0,Neighbor median,441975.0
399888.0,Neighbor median,317475.0
280000.0,Neighbor median,284000.0
550000.0,Neighbor median,684457.5
276000.0,Neighbor median,322500.0
217500.0,Neighbor median,270000.0
405000.0,Neighbor median,560000.0
525000.0,Neighbor median,481500.0
410000.0,Neighbor median,460000.0
675000.0,Neighbor median,560000.0
1305000.0,Neighbor median,673500.0
650000.0,Neighbor median,560500.0
825000.0,Neighbor median,1326200.0
995000.0,Neighbor median,952500.0
835000.0,Neighbor median,822500.0
300000.0,Neighbor median,299990.0
624950.0,Neighbor median,545500.0
302860.0,Neighbor median,412000.0
299000.0,Neighbor median,787500.0
355000.0,Neighbor median,511250.0
199000.0,Neighbor median,293975.0
440000.0,Neighbor median,541000.0
230000.0,Neighbor median,249500.0
689000.0,Neighbor median,556250.0
428750.0,Neighbor median,649000.0
550000.0,Neighbor median,438750.0
936000.0,Neighbor median,730500.0
450000.0,Neighbor median,372500.0
400000.0,Neighbor median,380750.0
295000.0,Neighbor median,337500.0
459000.0,Neighbor median,609000.0
695000.0,Neighbor median,536500.0
589000.0,Neighbor median,600000.0
300000.0,Neighbor median,329500.0
286950.0,Neighbor median,262500.0
78000.0,Neighbor median,247500.0
246950.0,Neighbor median,272475.0
275000.0,Neighbor median,430500.0
260000.0,Neighbor median,307500.0
310000.0,Neighbor median,307475.0
480500.0,Neighbor median,433750.0
249000.0,Neighbor median,265000.0
529000.0,Neighbor median,320000.0
270000.0,Neighbor median,502500.0
365000.0,Neighbor median,407500.0
699000.0,Neighbor median,458975.0
369500.0,Neighbor median,407500.0
615000.0,Neighbor median,581750.0
472500.0,Neighbor median,308000.0
380000.0,Neighbor median,379475.0
905000.0,Neighbor median,920000.0
329000.0,Neighbor median,385000.0
510000.0,Neighbor median,532500.0
245000.0,Neighbor median,393500.0
1100000.0,Neighbor median,514000.0
583500.0,Neighbor median,490000.0
245000.0,Neighbor median,259500.0
932990.0,Neighbor median,787000.0
605000.0,Neighbor median,397750.0
599380.0,Neighbor median,742250.0
810000.0,Neighbor median,605000.0
370000.0,Neighbor median,362379.0
246000.0,Neighbor median,323750.0
280000.0,Neighbor median,446500.0
215000.0,Neighbor median,227500.0
535000.0,Neighbor median,524000.0
898000.0,Neighbor median,772000.0
490000.0,Neighbor median,433500.0
525000.0,Neighbor median,558000.0
271000.0,Neighbor median,322450.0
325000.0,Neighbor median,347000.0
897500.0,Neighbor median,715000.0
605000.0,Neighbor median,525000.0
360000.0,Neighbor median,481972.5
225000.0,Neighbor median,212250.0
960000.0,Neighbor median,983750.0
209000.0,Neighbor median,216575.0
679000.0,Neighbor median,536150.0
787888.0,Neighbor median,986750.0
565000.0,Neighbor median,478045.0
175000.0,Neighbor median,344750.0
615000.0,Neighbor median,602500.0
850000.0,Neighbor median,545250.0
320000.0,Neighbor median,341500.0
312000.0,Neighbor median,271950.0
470000.0,Neighbor median,537750.0
530000.0,Neighbor median,354500.0
545000.0,Neighbor median,318000.0
403950.0,Neighbor median,608500.0
560000.0,Neighbor median,555000.0
1050000.0,Neighbor median,722500.0
1325000.0,Neighbor median,940000.0
352500.0,Neighbor median,239550.0
653000.0,Neighbor median,567000.0
244900.0,Neighbor median,324500.0
369000.0,Neighbor median,523850.0
341000.0,Neighbor median,328475.0
2230000.0,Neighbor median,507500.0
932800.0,Neighbor median,524550.0
283200.0,Neighbor median,347500.0
613000.0,Neighbor median,672500.0
290000.0,Neighbor median,342500.0
605000.0,Neighbor median,558500.0
216000.0,Neighbor median,246000.0
780000.0,Neighbor median,617500.0
830000.0,Neighbor median,1037500.0
160000.0,Neighbor median,304065.0
287000.0,Neighbor median,269000.0
602000.0,Neighbor median,657500.0
252000.0,Neighbor median,236250.0
300000.0,Neighbor median,415000.0
850000.0,Neighbor median,1207500.0
431650.0,Neighbor median,500000.0
710000.0,Neighbor median,911000.0
675000.0,Neighbor median,686550.0
260000.0,Neighbor median,347000.0
378950.0,Neighbor median,299500.0
577450.0,Neighbor median,481500.0
180000.0,Neighbor median,260000.0
550000.0,Neighbor median,469250.0
212500.0,Neighbor median,214975.0
390000.0,Neighbor median,385000.0
233500.0,Neighbor median,227475.0
390000.0,Neighbor median,405500.0
273500.0,Neighbor median,298950.0
125000.0,Neighbor median,277500.0
399900.0,Neighbor median,337500.0
563950.0,Neighbor median,402500.0
960000.0,Neighbor median,857500.0
1400000.0,Neighbor median,449500.0
471000.0,Neighbor median,321000.0
1015000.0,Neighbor median,688000.0
330000.0,Neighbor median,512625.0
470000.0,Neighbor median,506500.0
192500.0,Neighbor median,241500.0
247200.0,Neighbor median,264475.0
533000.0,Neighbor median,550000.0
475000.0,Neighbor median,603000.0
907000.0,Neighbor median,799400.0
860000.0,Neighbor median,687500.0
452000.0,Neighbor median,475050.5
350000.0,Neighbor median,355250.0
696000.0,Neighbor median,607500.0
249000.0,Neighbor median,322250.0
259500.0,Neighbor median,328950.0
358000.0,Neighbor median,447500.0
506000.0,Neighbor median,516000.0
525000.0,Neighbor median,462500.0
1225000.0,Neighbor median,812500.0
860000.0,Neighbor median,624975.0
205000.0,Neighbor median,345000.0
240000.0,Neighbor median,298212.5
375000.0,Neighbor median,427000.0
290000.0,Neighbor median,525000.0
220000.0,Neighbor median,318750.0
304000.0,Neighbor median,296000.0
1564350.0,Neighbor median,1175000.0
282000.0,Neighbor median,303697.5
1454000.0,Neighbor median,695000.0
731500.0,Neighbor median,693000.0
249900.0,Neighbor median,226475.0
325000.0,Neighbor median,434750.0
530000.0,Neighbor median,514000.0
600000.0,Neighbor median,595000.0
750000.0,Neighbor median,864204.5
880000.0,Neighbor median,458500.0
465000.0,Neighbor median,319500.0
517000.0,Neighbor median,544500.0
115000.0,Neighbor median,234400.0
275000.0,Neighbor median,364975.0
830000.0,Neighbor median,899444.0
390000.0,Neighbor median,380500.0
430000.0,Neighbor median,380000.0
1289000.0,Neighbor median,885000.0
850000.0,Neighbor median,475000.0
325000.0,Neighbor median,411500.0
428400.0,Neighbor median,349225.0
252000.0,Neighbor median,267700.0
851000.0,Neighbor median,879449.5
351000.0,Neighbor median,448500.0
465000.0,Neighbor median,443400.0
715000.0,Neighbor median,577500.0
425000.0,Neighbor median,445000.0
488500.0,Neighbor median,472613.0
268000.0,Neighbor median,299625.0
715000.0,Neighbor median,762500.0
368000.0,Neighbor median,435000.0
549995.0,Neighbor median,464995.0
655000.0,Neighbor median,732500.0
695000.0,Neighbor median,708500.0
650000.0,Neighbor median,633000.0
669000.0,Neighbor median,387500.0
342000.0,Neighbor median,324000.0
562100.0,Neighbor median,664000.0
850000.0,Neighbor median,810000.0
495000.0,Neighbor median,450500.0
517534.0,Neighbor median,502500.0
580000.0,Neighbor median,506500.0
217000.0,Neighbor median,203000.0
915000.0,Neighbor median,976500.0
529950.0,Neighbor median,535500.0
409950.0,Neighbor median,460000.0
402000.0,Neighbor median,428250.0
667500.0,Neighbor median,896500.0
262500.0,Neighbor median,238250.0
560000.0,Neighbor median,448250.0
365000.0,Neighbor median,662500.0
552500.0,Neighbor median,475750.0
878000.0,Neighbor median,996500.0
620000.0,Neighbor median,727500.0
489500.0,Neighbor median,582500.0
430000.0,Neighbor median,437500.0
550000.0,Neighbor median,628000.0
470000.0,Neighbor median,297875.0
205000.0,Neighbor median,248975.0
335000.0,Neighbor median,230750.0
298000.0,Neighbor median,278950.0
880000.0,Neighbor median,678500.0
309950.0,Neighbor median,299970.0
482000.0,Neighbor median,690000.0
571900.0,Neighbor median,511250.0
256703.0,Neighbor median,272475.0
998000.0,Neighbor median,822000.0
383000.0,Neighbor median,273500.0
349950.0,Neighbor median,243500.0
264950.0,Neighbor median,336000.0
1920000.0,Neighbor median,529000.0
650000.0,Neighbor median,647500.0
362000.0,Neighbor median,397500.0
92000.0,Neighbor median,241750.0
1285000.0,Neighbor median,1245000.0
505000.0,Neighbor median,520500.0
623000.0,Neighbor median,593000.0
310000.0,Neighbor median,316000.0
245000.0,Neighbor median,232487.5
795000.0,Neighbor median,636250.0
379950.0,Neighbor median,345475.0
405000.0,Neighbor median,509750.0
299000.0,Neighbor median,364250.0
299500.0,Neighbor median,278000.0
530000.0,Neighbor median,502750.0
520000.0,Neighbor median,454975.0
368000.0,Neighbor median,263750.0
1600000.0,Neighbor median,922500.0
555000.0,Neighbor median,533500.0
320000.0,Neighbor median,332500.0
573500.0,Neighbor median,547410.0
491950.0,Neighbor median,590000.0
640000.0,Neighbor median,867500.0
570000.0,Neighbor median,466500.0
674250.0,Neighbor median,437500.0
158550.0,Neighbor median,250000.0
690000.0,Neighbor median,673862.5
386000.0,Neighbor median,351000.0
378500.0,Neighbor median,457000.0
557500.0,Neighbor median,649000.0
265000.0,Neighbor median,328950.0
460000.0,Neighbor median,603000.0
599000.0,Neighbor median,472500.0
1155000.0,Neighbor median,457500.0
435000.0,Neighbor median,435000.0
275250.0,Neighbor median,321500.0
495000.0,Neighbor median,405500.0
465000.0,Neighbor median,515000.0
600000.0,Neighbor median,785000.0
550000.0,Neighbor median,1068750.0
400000.0,Neighbor median,542305.0
500000.0,Neighbor median,626000.0
455000.0,Neighbor median,487500.0
675000.0,Neighbor median,752499.5
180000.0,Neighbor median,220500.0
413565.0,Neighbor median,478045.0
675000.0,Neighbor median,650000.0
482500.0,Neighbor median,611000.0
589500.0,Neighbor median,506250.0
235000.0,Neighbor median,261000.0
950000.0,Neighbor median,982500.0
748000.0,Neighbor median,600000.0
571500.0,Neighbor median,427475.0
475000.0,Neighbor median,388500.0
250000.0,Neighbor median,286000.0
502775.0,Neighbor median,453000.0
357000.0,Neighbor median,240750.0
616000.0,Neighbor median,468125.0
390000.0,Neighbor median,375000.0
340000.0,Neighbor median,319995.0
362000.0,Neighbor median,417250.0
385000.0,Neighbor median,398000.0
436000.0,Neighbor median,459500.0
319000.0,Neighbor median,448500.0
267000.0,Neighbor median,251250.0
336500.0,Neighbor median,425500.0
531800.0,Neighbor median,498500.0
677790.0,Neighbor median,547000.0
425000.0,Neighbor median,395500.0
355000.0,Neighbor median,474000.0
240415.0,Neighbor median,254500.0
485000.0,Neighbor median,518000.0
305000.0,Neighbor median,574025.0
675000.0,Neighbor median,667500.0
1047000.0,Neighbor median,867000.0
215000.0,Neighbor median,265450.0
800000.0,Neighbor median,637000.0
675000.0,Neighbor median,556500.0
265000.0,Neighbor median,451500.0
325000.0,Neighbor median,351000.0
430760.0,Neighbor median,316000.0
232000.0,Neighbor median,279500.0
265000.0,Neighbor median,366500.0
315000.0,Neighbor median,284000.0
635000.0,Neighbor median,602000.0
555000.0,Neighbor median,783000.0
450000.0,Neighbor median,531625.0
251000.0,Neighbor median,237000.0
895950.0,Neighbor median,670000.0
1563100.0,Neighbor median,962500.0
338995.0,Neighbor median,352500.0
1150000.0,Neighbor median,947500.0
255000.0,Neighbor median,602433.0
460000.0,Neighbor median,345000.0
600000.0,Neighbor median,491150.0
355000.0,Neighbor median,351750.0
270000.0,Neighbor median,310250.0
655000.0,Neighbor median,542500.0
775000.0,Neighbor median,654250.0
250000.0,Neighbor median,270000.0
667000.0,Neighbor median,374000.0
258000.0,Neighbor median,234775.0
454000.0,Neighbor median,535000.0
212500.0,Neighbor median,265750.0
347000.0,Neighbor median,452500.0
169575.0,Neighbor median,237500.0
179500.0,Neighbor median,219975.0
329950.0,Neighbor median,335750.0
240000.0,Neighbor median,290000.0
364000.0,Neighbor median,367450.0
562000.0,Neighbor median,565500.0
466000.0,Neighbor median,605000.0
427000.0,Neighbor median,522650.0
409900.0,Neighbor median,566750.0
585083.0,Neighbor median,762000.0
323000.0,Neighbor median,364250.0
427874.0,Neighbor median,464500.0
340000.0,Neighbor median,291225.0
185850.0,Neighbor median,245250.0
267300.0,Neighbor median,372500.0
485000.0,Neighbor median,475000.0
258000.0,Neighbor median,332475.0
684000.0,Neighbor median,686550.0
699900.0,Neighbor median,762500.0
540000.0,Neighbor median,380000.0
294999.0,Neighbor median,265475.0
240000.0,Neighbor median,288725.0
282000.0,Neighbor median,219950.0
1680000.0,Neighbor median,734000.0
188000.0,Neighbor median,292878.0
545000.0,Neighbor median,274000.0
625000.0,Neighbor median,464500.0
389990.0,Neighbor median,316000.0
650000.0,Neighbor median,739750.0
428000.0,Neighbor median,317000.0
210000.0,Neighbor median,189500.0
499000.0,Neighbor median,415500.0
740000.0,Neighbor median,742250.0
195000.0,Neighbor median,199225.0
529000.0,Neighbor median,570000.0
629500.0,Neighbor median,669875.0
530000.0,Neighbor median,542475.0
765000.0,Neighbor median,455500.0
255000.0,Neighbor median,414500.0
739000.0,Neighbor median,586000.0
590300.0,Neighbor median,432500.0
194990.0,Neighbor median,332450.0
560000.0,Neighbor median,400000.0
697000.0,Neighbor median,607500.0
287000.0,Neighbor median,260000.0
580000.0,Neighbor median,608000.0
465000.0,Neighbor median,410000.0
348000.0,Neighbor median,349500.0
375000.0,Neighbor median,607500.0
293467.0,Neighbor median,491950.0
611000.0,Neighbor median,495750.0
780000.0,Neighbor median,987000.0
1139990.0,Neighbor median,648500.0
480000.0,Neighbor median,372475.0
355000.0,Neighbor median,317475.0
525000.0,Neighbor median,565500.0
1065000.0,Neighbor median,1595000.0
360000.0,Neighbor median,347000.0
465000.0,Neighbor median,445000.0
366000.0,Neighbor median,446000.0
269950.0,Neighbor median,206000.0
580000.0,Neighbor median,588000.0
270000.0,Neighbor median,266700.0
211000.0,Neighbor median,307475.0
770000.0,Neighbor median,572000.0
540000.0,Neighbor median,426000.0
716500.0,Neighbor median,762500.0
120000.0,Neighbor median,273375.0
790000.0,Neighbor median,595183.0
211000.0,Neighbor median,227500.0
891000.0,Neighbor median,669250.0
799000.0,Neighbor median,530000.0
365000.0,Neighbor median,328950.0
350000.0,Neighbor median,340250.0
460000.0,Neighbor median,433200.0
430000.0,Neighbor median,436500.0
700000.0,Neighbor median,551975.0
210000.0,Neighbor median,690550.0
199950.0,Neighbor median,360000.0
390000.0,Neighbor median,357500.0
900000.0,Neighbor median,600000.0
415000.0,Neighbor median,508500.0
608095.0,Neighbor median,662475.0
1465000.0,Neighbor median,883995.0
270000.0,Neighbor median,269750.0
592000.0,Neighbor median,475750.0
598200.0,Neighbor median,538250.0
1865000.0,Neighbor median,970200.0
680000.0,Neighbor median,438000.0
445000.0,Neighbor median,537500.0
662000.0,Neighbor median,610000.0
370000.0,Neighbor median,355000.0
341500.0,Neighbor median,315500.0
440000.0,Neighbor median,517500.0
495000.0,Neighbor median,485000.0
370000.0,Neighbor median,437500.0
450000.0,Neighbor median,417250.0
824000.0,Neighbor median,611500.0
1150000.0,Neighbor median,709750.0
1250000.0,Neighbor median,1450000.0
580000.0,Neighbor median,635000.0
460000.0,Neighbor median,305000.0
390500.0,Neighbor median,261000.0
479950.0,Neighbor median,500000.0
410000.0,Neighbor median,667500.0
2193000.0,Neighbor median,1207500.0
835000.0,Neighbor median,729000.0
657500.0,Neighbor median,683000.0
303697.0,Neighbor median,384000.0
365000.0,Neighbor median,447500.0
489950.0,Neighbor median,548250.0
320000.0,Neighbor median,342000.0
1010000.0,Neighbor median,697500.0
789500.0,Neighbor median,674500.0
1260000.0,Neighbor median,804250.0
408000.0,Neighbor median,320000.0
521900.0,Neighbor median,454000.0
425000.0,Neighbor median,467500.0
336500.0,Neighbor median,403750.0
640000.0,Neighbor median,435500.0
345000.0,Neighbor median,378500.0
560000.0,Neighbor median,375000.0
615000.0,Neighbor median,508500.0
927000.0,Neighbor median,1686500.0
352499.0,Neighbor median,388499.5
315000.0,Neighbor median,602500.0
342000.0,Neighbor median,312000.0
510000.0,Neighbor median,548250.0
383000.0,Neighbor median,481500.0
465000.0,Neighbor median,456725.0
550000.0,Neighbor median,527500.0
350000.0,Neighbor median,267500.0
1028000.0,Neighbor median,832000.0
360000.0,Neighbor median,315000.0
729000.0,Neighbor median,775000.0
568000.0,Neighbor median,510500.0
344950.0,Neighbor median,399975.0
1565000.0,Neighbor median,1625000.0
545000.0,Neighbor median,532000.0
389950.0,Neighbor median,505975.0
455000.0,Neighbor median,289475.0
745000.0,Neighbor median,761225.0
962800.0,Neighbor median,801500.0
570000.0,Neighbor median,560650.0
470000.0,Neighbor median,332250.0
178500.0,Neighbor median,250100.0
652500.0,Neighbor median,404750.0
1679000.0,Neighbor median,902500.0
569950.0,Neighbor median,669250.0
1110000.0,Neighbor median,745000.0
635000.0,Neighbor median,556500.0
3000000.0,Neighbor median,617250.0
490000.0,Neighbor median,503000.0
445000.0,Neighbor median,365000.0
505000.0,Neighbor median,407500.0
2187730.0,Neighbor median,1880000.0
598500.0,Neighbor median,600000.0
325900.0,Neighbor median,308000.0
599000.0,Neighbor median,672500.0
357000.0,Neighbor median,375000.0
710000.0,Neighbor median,611750.0
252000.0,Neighbor median,293250.0
825000.0,Neighbor median,649400.0
540000.0,Neighbor median,355000.0
380000.0,Neighbor median,368975.0
660000.0,Neighbor median,576875.0
194900.0,Neighbor median,219000.0
384000.0,Neighbor median,312000.0
470000.0,Neighbor median,442900.0
318000.0,Neighbor median,337884.0
420000.0,Neighbor median,464000.0
230000.0,Neighbor median,282000.0
522000.0,Neighbor median,445777.5
437500.0,Neighbor median,522500.0
338950.0,Neighbor median,315500.0
647500.0,Neighbor median,505000.0
765000.0,Neighbor median,625000.0
509250.0,Neighbor median,545500.0
465250.0,Neighbor median,507500.0
426000.0,Neighbor median,342000.0
720000.0,Neighbor median,537500.0
810000.0,Neighbor median,692825.0
685000.0,Neighbor median,390000.0
307000.0,Neighbor median,300000.0
151000.0,Neighbor median,256975.0
286300.0,Neighbor median,464500.0
525000.0,Neighbor median,574500.0
270000.0,Neighbor median,262125.0
544500.0,Neighbor median,596975.0
625000.0,Neighbor median,669677.0
368500.0,Neighbor median,342475.0
245000.0,Neighbor median,292000.0
710000.0,Neighbor median,680250.0
635500.0,Neighbor median,617500.0
325000.0,Neighbor median,407500.0
719000.0,Neighbor median,450000.0
226450.0,Neighbor median,251875.0
548500.0,Neighbor median,463550.0
840000.0,Neighbor median,790000.0
440000.0,Neighbor median,437500.0
228000.0,Neighbor median,260795.0
567500.0,Neighbor median,667500.0
462500.0,Neighbor median,536500.0
1199000.0,Neighbor median,455600.0
415000.0,Neighbor median,499000.0
320000.0,Neighbor median,300000.0
550000.0,Neighbor median,554500.0
1220000.0,Neighbor median,1060000.0
375000.0,Neighbor median,387820.5
255000.0,Neighbor median,354250.0
638000.0,Neighbor median,543250.0
749000.0,Neighbor median,943500.0
503000.0,Neighbor median,442900.0
1457000.0,Neighbor median,945000.0
316000.0,Neighbor median,374500.0
210000.0,Neighbor median,219450.0
575000.0,Neighbor median,580000.0
218000.0,Neighbor median,246250.0
425000.0,Neighbor median,410000.0
290000.0,Neighbor median,504850.0
440000.0,Neighbor median,412500.0
299500.0,Neighbor median,465500.0
540000.0,Neighbor median,493850.0
855000.0,Neighbor median,672000.0
339950.0,Neighbor median,257000.0
170000.0,Neighbor median,251389.5
550000.0,Neighbor median,606750.0
649950.0,Neighbor median,589475.0
630000.0,Neighbor median,508500.0
721000.0,Neighbor median,870500.0
950000.0,Neighbor median,664250.0
312620.0,Neighbor median,284000.0
270000.0,Neighbor median,287000.0
405000.0,Neighbor median,400000.0
500000.0,Neighbor median,283475.0
819000.0,Neighbor median,376450.0
500000.0,Neighbor median,251500.0
605000.0,Neighbor median,654995.0
653675.0,Neighbor median,622500.0
469775.0,Neighbor median,671900.0
290000.0,Neighbor median,365000.0
525000.0,Neighbor median,621462.5
900000.0,Neighbor median,674250.0
459000.0,Neighbor median,627500.0
450000.0,Neighbor median,400750.0
3850000.0,Neighbor median,862500.0
950000.0,Neighbor median,644250.0
401000.0,Neighbor median,436000.0
631000.0,Neighbor median,542500.0
320000.0,Neighbor median,355495.0
280000.0,Neighbor median,267750.0
505000.0,Neighbor median,527000.0
550000.0,Neighbor median,612500.0
320000.0,Neighbor median,382500.0
619000.0,Neighbor median,651000.0
240000.0,Neighbor median,267250.0
250000.0,Neighbor median,303581.0
1125000.0,Neighbor median,761225.0
256000.0,Neighbor median,294750.0
749000.0,Neighbor median,747000.0
922755.0,Neighbor median,528750.0
240000.0,Neighbor median,269400.0
366000.0,Neighbor median,360000.0
917500.0,Neighbor median,925000.0
1150000.0,Neighbor median,737500.0
651000.0,Neighbor median,368500.0
318000.0,Neighbor median,289500.0
1625000.0,Neighbor median,677800.0
1950000.0,Neighbor median,905500.0
350000.0,Neighbor median,588500.0
199000.0,Neighbor median,282000.0
240000.0,Neighbor median,297475.0
583000.0,Neighbor median,676050.0
2140000.0,Neighbor median,945000.0
310000.0,Neighbor median,295000.0
316000.0,Neighbor median,362500.0
668000.0,Neighbor median,730500.0
480000.0,Neighbor median,286300.0
288400.0,Neighbor median,268500.0
220000.0,Neighbor median,451500.0
690000.0,Neighbor median,524000.0
490000.0,Neighbor median,555650.0
264000.0,Neighbor median,322500.0
537250.0,Neighbor median,459975.0
289950.0,Neighbor median,267900.0
299500.0,Neighbor median,303581.0
550000.0,Neighbor median,580500.0
322500.0,Neighbor median,438500.0
750000.0,Neighbor median,925000.0
442515.0,Neighbor median,306000.0
1175000.0,Neighbor median,827500.0
500000.0,Neighbor median,610000.0
732000.0,Neighbor median,500000.0
539000.0,Neighbor median,506500.0
545000.0,Neighbor median,486500.0
665000.0,Neighbor median,628000.0
850000.0,Neighbor median,552000.0
382500.0,Neighbor median,562500.0
339950.0,Neighbor median,346500.0
299000.0,Neighbor median,386000.0
660000.0,Neighbor median,548500.0
667000.0,Neighbor median,478000.0
288790.0,Neighbor median,491950.0
415000.0,Neighbor median,284750.0
275000.0,Neighbor median,282500.0
525000.0,Neighbor median,400000.0
295000.0,Neighbor median,315000.0
635000.0,Neighbor median,542500.0
549950.0,Neighbor median,227250.0
250000.0,Neighbor median,467500.0
905000.0,Neighbor median,769000.0
450000.0,Neighbor median,486000.0
831500.0,Neighbor median,437500.0
397990.0,Neighbor median,492003.5
237000.0,Neighbor median,291300.0
330000.0,Neighbor median,239950.0
311600.0,Neighbor median,330000.0
538200.0,Neighbor median,500000.0
280000.0,Neighbor median,540000.0
670000.0,Neighbor median,543500.0
400000.0,Neighbor median,503250.0
399950.0,Neighbor median,412475.0
268500.0,Neighbor median,282500.0
802000.0,Neighbor median,552142.5
254000.0,Neighbor median,253500.0
408000.0,Neighbor median,494000.0
380000.0,Neighbor median,451500.0
305000.0,Neighbor median,374500.0
299800.0,Neighbor median,286000.0
1311000.0,Neighbor median,650500.0
397450.0,Neighbor median,334000.0
425000.0,Neighbor median,459500.0
230000.0,Neighbor median,270250.0
818900.0,Neighbor median,546750.0
490000.0,Neighbor median,402500.0
590000.0,Neighbor median,680000.0
540000.0,Neighbor median,742000.0
550000.0,Neighbor median,756000.0
193000.0,Neighbor median,252750.0
715000.0,Neighbor median,618500.0
334950.0,Neighbor median,322450.0
380950.0,Neighbor median,388750.0
324950.0,Neighbor median,423000.0
1500000.0,Neighbor median,1000000.0
550500.0,Neighbor median,428750.0
410988.0,Neighbor median,432500.0
700000.0,Neighbor median,878750.0
350000.0,Neighbor median,319975.0
490000.0,Neighbor median,557500.0
2400000.0,Neighbor median,959000.0
376000.0,Neighbor median,354500.0
510000.0,Neighbor median,590000.0
1295000.0,Neighbor median,1165000.0
717000.0,Neighbor median,517500.0
603000.0,Neighbor median,1042250.0
273500.0,Neighbor median,331250.0
315000.0,Neighbor median,430500.0
710000.0,Neighbor median,542500.0
439000.0,Neighbor median,272500.0
346000.0,Neighbor median,454900.0
968000.0,Neighbor median,764388.0
330000.0,Neighbor median,462500.0
3300000.0,Neighbor median,623000.0
212000.0,Neighbor median,327519.0
1050000.0,Neighbor median,542500.0
1720000.0,Neighbor median,578000.0
309780.0,Neighbor median,327500.0
249900.0,Neighbor median,350000.0
785200.0,Neighbor median,592000.0
671000.0,Neighbor median,585000.0
1393000.0,Neighbor median,995750.0
350000.0,Neighbor median,614250.0
490000.0,Neighbor median,760500.0
910000.0,Neighbor median,697500.0
1165000.0,Neighbor median,548250.0
3100000.0,Neighbor median,1068750.0
599000.0,Neighbor median,543000.0
800000.0,Neighbor median,637500.0
555000.0,Neighbor median,460000.0
850000.0,Neighbor median,580000.0
177000.0,Neighbor median,269750.0
255000.0,Neighbor median,228975.0
505000.0,Neighbor median,775000.0
2300000.0,Neighbor median,631000.0
850000.0,Neighbor median,644000.0
400000.0,Neighbor median,416250.0
550000.0,Neighbor median,508750.0
580000.0,Neighbor median,408750.0
405000.0,Neighbor median,377500.0
600000.0,Neighbor median,297450.0
361600.0,Neighbor median,492475.0
329000.0,Neighbor median,325750.0
406500.0,Neighbor median,437500.0
710000.0,Neighbor median,634500.0
395000.0,Neighbor median,526500.0
998000.0,Neighbor median,730500.0
538900.0,Neighbor median,327500.0
459000.0,Neighbor median,485000.0
330950.0,Neighbor median,300000.0
437500.0,Neighbor median,366950.0
314000.0,Neighbor median,537750.0
890000.0,Neighbor median,568750.0
525000.0,Neighbor median,490500.0
240000.0,Neighbor median,267750.0
451000.0,Neighbor median,330000.0
471000.0,Neighbor median,500000.0
746000.0,Neighbor median,581500.0
195000.0,Neighbor median,453000.0
265000.0,Neighbor median,360000.0
468000.0,Neighbor median,527500.0
355000.0,Neighbor median,278000.0
600000.0,Neighbor median,572000.0
870000.0,Neighbor median,665000.0
775000.0,Neighbor median,752499.5
430000.0,Neighbor median,408500.0
353950.0,Neighbor median,297100.0
195000.0,Neighbor median,217750.0
345000.0,Neighbor median,322450.0
625000.0,Neighbor median,567500.0
359000.0,Neighbor median,357475.0
250000.0,Neighbor median,360000.0
795000.0,Neighbor median,1015000.0
265000.0,Neighbor median,230500.0
409950.0,Neighbor median,369975.0
390000.0,Neighbor median,252500.0
395000.0,Neighbor median,471500.0
599000.0,Neighbor median,383250.0
300000.0,Neighbor median,244250.0
708000.0,Neighbor median,787000.0
1775000.0,Neighbor median,861250.0
524500.0,Neighbor median,517500.0
817000.0,Neighbor median,700000.0
600000.0,Neighbor median,940000.0
365000.0,Neighbor median,379000.0
1520000.0,Neighbor median,863325.0
610000.0,Neighbor median,602000.0
265000.0,Neighbor median,263750.0
375000.0,Neighbor median,280000.0
225000.0,Neighbor median,259975.0
352500.0,Neighbor median,525000.0
265000.0,Neighbor median,403000.0
870000.0,Neighbor median,995750.0
540000.0,Neighbor median,669677.0
615000.0,Neighbor median,609000.0
1095000.0,Neighbor median,615500.0
445000.0,Neighbor median,519000.0
960000.0,Neighbor median,625000.0
289000.0,Neighbor median,447500.0
337000.0,Neighbor median,355750.0
180000.0,Neighbor median,249975.0
879000.0,Neighbor median,641225.0
344900.0,Neighbor median,283350.0
216000.0,Neighbor median,237500.0
930000.0,Neighbor median,825500.0
200000.0,Neighbor median,244500.0
147500.0,Neighbor median,287500.0
765000.0,Neighbor median,886500.0
465000.0,Neighbor median,501526.0
435000.0,Neighbor median,428750.0
2384000.0,Neighbor median,816600.0
569000.0,Neighbor median,479500.0
795000.0,Neighbor median,800000.0
459950.0,Neighbor median,362500.0
376000.0,Neighbor median,443500.0
390000.0,Neighbor median,347500.0
260000.0,Neighbor median,266500.0
618000.0,Neighbor median,506000.0
379900.0,Neighbor median,430000.0
685000.0,Neighbor median,535000.0
235000.0,Neighbor median,248000.0
545000.0,Neighbor median,512500.0
509900.0,Neighbor median,620000.0
368000.0,Neighbor median,419400.0
495000.0,Neighbor median,548250.0
293000.0,Neighbor median,298212.5
378000.0,Neighbor median,409500.0
334000.0,Neighbor median,347500.0
370000.0,Neighbor median,302250.0
655000.0,Neighbor median,532500.0
294000.0,Neighbor median,350000.0
255000.0,Neighbor median,252250.0
950000.0,Neighbor median,956500.0
890900.0,Neighbor median,769000.0
330000.0,Neighbor median,486350.0
210000.0,Neighbor median,340500.0
685000.0,Neighbor median,556500.0
549000.0,Neighbor median,393250.0
2850000.0,Neighbor median,662500.0
650000.0,Neighbor median,550000.0
422000.0,Neighbor median,457500.0
381000.0,Neighbor median,422600.0
625000.0,Neighbor median,812100.0
778983.0,Neighbor median,768750.0
691100.0,Neighbor median,677500.0
540000.0,Neighbor median,606000.0
590000.0,Neighbor median,517500.0
790000.0,Neighbor median,578000.0
203000.0,Neighbor median,252000.0
180000.0,Neighbor median,246350.0
250000.0,Neighbor median,408500.0
499950.0,Neighbor median,347250.0
327000.0,Neighbor median,477250.0
393000.0,Neighbor median,300500.0
1075000.0,Neighbor median,782500.0
498500.0,Neighbor median,372500.0
490000.0,Neighbor median,531625.0
635000.0,Neighbor median,672500.0
387500.0,Neighbor median,577500.0
390000.0,Neighbor median,569250.0
275000.0,Neighbor median,265475.0
420000.0,Neighbor median,440075.0
251000.0,Neighbor median,237000.0
637500.0,Neighbor median,755250.0
222000.0,Neighbor median,252475.0
460000.0,Neighbor median,362500.0
570000.0,Neighbor median,440000.0
173250.0,Neighbor median,224500.0
530200.0,Neighbor median,620000.0
2250000.0,Neighbor median,1475000.0
641500.0,Neighbor median,549950.0
860000.0,Neighbor median,572500.0
440000.0,Neighbor median,572000.0
340000.0,Neighbor median,409500.0
418900.0,Neighbor median,418000.0
615000.0,Neighbor median,578000.0
248000.0,Neighbor median,255999.5
698000.0,Neighbor median,652500.0
238000.0,Neighbor median,269400.0
370000.0,Neighbor median,300000.0
490000.0,Neighbor median,517500.0
329950.0,Neighbor median,333750.0
655000.0,Neighbor median,691000.0
325000.0,Neighbor median,553500.0
950000.0,Neighbor median,945000.0
348000.0,Neighbor median,383000.0
1030000.0,Neighbor median,1040000.0
568000.0,Neighbor median,521000.0
395000.0,Neighbor median,339000.0
850000.0,Neighbor median,825500.0
649000.0,Neighbor median,479500.0
279000.0,Neighbor median,251250.0
435000.0,Neighbor median,433250.0
555000.0,Neighbor median,588750.0
260000.0,Neighbor median,230500.0
909500.0,Neighbor median,600000.0
406000.0,Neighbor median,345050.0
570000.0,Neighbor median,700000.0
865000.0,Neighbor median,803000.0
300000.0,Neighbor median,290000.0
616000.0,Neighbor median,590000.0
126500.0,Neighbor median,257450.0
850000.0,Neighbor median,772000.0
600000.0,Neighbor median,407500.0
485000.0,Neighbor median,556500.0
475000.0,Neighbor median,441286.5
839950.0,Neighbor median,545500.0
530000.0,Neighbor median,495500.0
950000.0,Neighbor median,1220000.0
320000.0,Neighbor median,395000.0
751000.0,Neighbor median,466750.0
439888.0,Neighbor median,590675.0
1068000.0,Neighbor median,575000.0
1650000.0,Neighbor median,1577500.0
655000.0,Neighbor median,788500.0
366500.0,Neighbor median,342000.0
716000.0,Neighbor median,590000.0
500000.0,Neighbor median,512500.0
329500.0,Neighbor median,365000.0
355500.0,Neighbor median,355250.0
770000.0,Neighbor median,690000.0
695000.0,Neighbor median,890500.0
252000.0,Neighbor median,299970.0
272000.0,Neighbor median,270950.0
750000.0,Neighbor median,617500.0
340000.0,Neighbor median,302500.0
389000.0,Neighbor median,536500.0
461000.0,Neighbor median,610000.0
312000.0,Neighbor median,487000.0
295000.0,Neighbor median,374975.0
640000.0,Neighbor median,654800.0
640000.0,Neighbor median,453000.0
811000.0,Neighbor median,1068750.0
345000.0,Neighbor median,444500.0
750000.0,Neighbor median,840300.0
210000.0,Neighbor median,234500.0
502000.0,Neighbor median,605000.0
2680000.0,Neighbor median,1821000.0
147500.0,Neighbor median,318875.0
1280000.0,Neighbor median,785550.5
1200000.0,Neighbor median,550000.0
600000.0,Neighbor median,481487.5
650000.0,Neighbor median,452500.0
326250.0,Neighbor median,415600.0
282000.0,Neighbor median,336000.0
282950.0,Neighbor median,229500.0
429900.0,Neighbor median,304475.0
307500.0,Neighbor median,398725.0
815000.0,Neighbor median,511250.0
660500.0,Neighbor median,622500.0
572000.0,Neighbor median,510000.0
3300000.0,Neighbor median,1064000.0
340000.0,Neighbor median,365650.0
580000.0,Neighbor median,558000.0
925000.0,Neighbor median,627500.0
449000.0,Neighbor median,467250.0
491500.0,Neighbor median,426500.0
700000.0,Neighbor median,829415.0
460000.0,Neighbor median,479500.0
869950.0,Neighbor median,802500.0
1031000.0,Neighbor median,673662.0
498800.0,Neighbor median,590675.0
450000.0,Neighbor median,472500.0
355000.0,Neighbor median,527000.0
267000.0,Neighbor median,340000.0
762000.0,Neighbor median,556500.0
452950.0,Neighbor median,535500.0
815000.0,Neighbor median,588500.0
580135.0,Neighbor median,464995.0
417250.0,Neighbor median,451000.0
950000.0,Neighbor median,838750.0
467000.0,Neighbor median,513850.0
479000.0,Neighbor median,517500.0
375000.0,Neighbor median,401475.0
476000.0,Neighbor median,548000.0
895000.0,Neighbor median,810500.0
198500.0,Neighbor median,225000.0
437000.0,Neighbor median,603000.0
545000.0,Neighbor median,495750.0
490000.0,Neighbor median,537500.0
749000.0,Neighbor median,777190.0
539000.0,Neighbor median,654975.0
1375000.0,Neighbor median,630000.0
252000.0,Neighbor median,376450.0
579000.0,Neighbor median,539585.0
321500.0,Neighbor median,282600.0
543000.0,Neighbor median,562500.0
380000.0,Neighbor median,449975.0
475000.0,Neighbor median,495000.0
354950.0,Neighbor median,385950.0
620000.0,Neighbor median,654975.0
450000.0,Neighbor median,478000.0
703770.0,Neighbor median,857500.0
705000.0,Neighbor median,740000.0
810000.0,Neighbor median,526500.0
570000.0,Neighbor median,394500.0
517500.0,Neighbor median,765000.0
450000.0,Neighbor median,697500.0
771000.0,Neighbor median,744500.0
499950.0,Neighbor median,388500.0
640000.0,Neighbor median,761250.0
1900000.0,Neighbor median,453750.0
300000.0,Neighbor median,308000.0
245000.0,Neighbor median,238250.0
320000.0,Neighbor median,312500.0
420000.0,Neighbor median,289475.0
535000.0,Neighbor median,351500.0
807100.0,Neighbor median,674000.0
233000.0,Neighbor median,352500.0
311000.0,Neighbor median,279975.0
560000.0,Neighbor median,544000.0
345000.0,Neighbor median,522500.0
539000.0,Neighbor median,590000.0
184000.0,Neighbor median,239950.0
705000.0,Neighbor median,654975.0
549000.0,Neighbor median,504250.0
937500.0,Neighbor median,1745000.0
604000.0,Neighbor median,932500.0
342000.0,Neighbor median,334975.0
415000.0,Neighbor median,402000.0
395000.0,Neighbor median,335250.0
415000.0,Neighbor median,542500.0
436000.0,Neighbor median,475000.0
330000.0,Neighbor median,402500.0
385000.0,Neighbor median,470000.0
316000.0,Neighbor median,330000.0
639000.0,Neighbor median,582000.0
375000.0,Neighbor median,413596.5
665000.0,Neighbor median,759387.5
542500.0,Neighbor median,704000.0
1220000.0,Neighbor median,592000.0
747500.0,Neighbor median,1043500.0
229950.0,Neighbor median,283350.0
394000.0,Neighbor median,414999.5
235000.0,Neighbor median,292900.0
352000.0,Neighbor median,304000.0
365000.0,Neighbor median,355500.0
480000.0,Neighbor median,452500.0
1215000.0,Neighbor median,992000.0
950000.0,Neighbor median,635000.0
678500.0,Neighbor median,559500.0
640000.0,Neighbor median,487500.0
329900.0,Neighbor median,525000.0
925000.0,Neighbor median,556250.0
393000.0,Neighbor median,480000.0
194000.0,Neighbor median,246225.0
580000.0,Neighbor median,385000.0
312500.0,Neighbor median,333250.0
998000.0,Neighbor median,767950.0
619000.0,Neighbor median,542500.0
562500.0,Neighbor median,661975.0
1695000.0,Neighbor median,757000.0
285000.0,Neighbor median,490000.0
710000.0,Neighbor median,560500.0
449000.0,Neighbor median,400500.0
253000.0,Neighbor median,294450.0
279950.0,Neighbor median,336500.0
315000.0,Neighbor median,309312.5
542000.0,Neighbor median,590000.0
665000.0,Neighbor median,528500.0
245000.0,Neighbor median,261225.0
540000.0,Neighbor median,422600.0
277500.0,Neighbor median,259975.0
290000.0,Neighbor median,340000.0
627500.0,Neighbor median,725000.0
309620.0,Neighbor median,350000.0
612000.0,Neighbor median,585000.0
541338.0,Neighbor median,518500.0
285000.0,Neighbor median,285975.0
536000.0,Neighbor median,585500.0
810000.0,Neighbor median,475500.0
235000.0,Neighbor median,323500.0
367500.0,Neighbor median,232750.0
405000.0,Neighbor median,486000.0
1175000.0,Neighbor median,434000.0
507200.0,Neighbor median,572000.0
526000.0,Neighbor median,494500.0
230000.0,Neighbor median,255000.0
285000.0,Neighbor median,255000.0
650000.0,Neighbor median,561250.0
450000.0,Neighbor median,443500.0
515000.0,Neighbor median,264000.0
538000.0,Neighbor median,392000.0
500000.0,Neighbor median,547500.0
450000.0,Neighbor median,576875.0
431000.0,Neighbor median,425250.0
440000.0,Neighbor median,447500.0
472000.0,Neighbor median,284000.0
350000.0,Neighbor median,317500.0
550000.0,Neighbor median,483500.0
267500.0,Neighbor median,304900.0
270000.0,Neighbor median,319000.0
333000.0,Neighbor median,307500.0
375000.0,Neighbor median,398550.5
320000.0,Neighbor median,437500.0
520000.0,Neighbor median,535000.0
375000.0,Neighbor median,328750.0
585000.0,Neighbor median,524500.0
435500.0,Neighbor median,537500.0
125000.0,Neighbor median,433750.0
670000.0,Neighbor median,738500.0
465000.0,Neighbor median,274000.0
1395000.0,Neighbor median,486975.0
715000.0,Neighbor median,702500.0
588000.0,Neighbor median,485000.0
242000.0,Neighbor median,241700.0
459000.0,Neighbor median,401475.0
375000.0,Neighbor median,522500.0
410000.0,Neighbor median,431250.0
1085000.0,Neighbor median,995750.0
259950.0,Neighbor median,270574.0
360000.0,Neighbor median,395000.0
875000.0,Neighbor median,695000.0
635000.0,Neighbor median,389900.0
1200000.0,Neighbor median,1058000.0
230000.0,Neighbor median,247500.0
546000.0,Neighbor median,606500.0
422500.0,Neighbor median,436000.0
285000.0,Neighbor median,374500.0
359000.0,Neighbor median,337250.0
710000.0,Neighbor median,469500.0
413107.0,Neighbor median,472475.0
239950.0,Neighbor median,231250.0
259000.0,Neighbor median,245250.0
429000.0,Neighbor median,557500.0
865000.0,Neighbor median,1409500.0
595000.0,Neighbor median,669677.0
399950.0,Neighbor median,413596.5
235000.0,Neighbor median,358750.0
635000.0,Neighbor median,747750.0
280000.0,Neighbor median,495000.0
675000.0,Neighbor median,580000.0
340000.0,Neighbor median,315000.0
497000.0,Neighbor median,443500.0
190000.0,Neighbor median,237500.0
548000.0,Neighbor median,528750.0
349000.0,Neighbor median,358975.0
575000.0,Neighbor median,505250.0
230000.0,Neighbor median,443250.0
353000.0,Neighbor median,434750.0
540000.0,Neighbor median,704000.0
277500.0,Neighbor median,232275.0
882566.0,Neighbor median,768750.0
530000.0,Neighbor median,485000.0
330000.0,Neighbor median,382500.0
220000.0,Neighbor median,237500.0
319000.0,Neighbor median,506250.0
234000.0,Neighbor median,342475.0
440000.0,Neighbor median,457500.0
800000.0,Neighbor median,584500.0
580000.0,Neighbor median,647500.0
299000.0,Neighbor median,302500.0
329000.0,Neighbor median,292500.0
612500.0,Neighbor median,552500.0
160000.0,Neighbor median,460000.0
825000.0,Neighbor median,620000.0
432000.0,Neighbor median,431000.0
565000.0,Neighbor median,539050.0
290000.0,Neighbor median,339060.0
900000.0,Neighbor median,908750.0
250000.0,Neighbor median,454500.0
440000.0,Neighbor median,744750.0
625000.0,Neighbor median,500000.0
865000.0,Neighbor median,762000.0
525000.0,Neighbor median,387000.0
490000.0,Neighbor median,432500.0
230000.0,Neighbor median,220500.0
1270000.0,Neighbor median,1367200.0
1307000.0,Neighbor median,740000.0
361550.0,Neighbor median,369750.0
504200.0,Neighbor median,670000.0
272167.0,Neighbor median,453000.0
420000.0,Neighbor median,300000.0
607500.0,Neighbor median,815000.0
879950.0,Neighbor median,535000.0
435000.0,Neighbor median,554000.0
329500.0,Neighbor median,345000.0
390000.0,Neighbor median,402500.0
389000.0,Neighbor median,390000.0
247500.0,Neighbor median,246600.0
498000.0,Neighbor median,756000.0
368500.0,Neighbor median,266000.0
474000.0,Neighbor median,285008.5
526000.0,Neighbor median,557500.0
460000.0,Neighbor median,328250.0
306500.0,Neighbor median,445650.0
334950.0,Neighbor median,296000.0
459000.0,Neighbor median,561750.0
580000.0,Neighbor median,325000.0
1240000.0,Neighbor median,890000.0
680000.0,Neighbor median,704000.0
775950.0,Neighbor median,768750.0
268500.0,Neighbor median,297475.0
375000.0,Neighbor median,456975.0
1370000.0,Neighbor median,648500.0
478000.0,Neighbor median,423475.0
250000.0,Neighbor median,310750.0
1400000.0,Neighbor median,605000.0
200000.0,Neighbor median,272500.0
453000.0,Neighbor median,661250.0
822500.0,Neighbor median,630500.0
350000.0,Neighbor median,267000.0
820000.0,Neighbor median,487475.0
1200000.0,Neighbor median,994950.0
590000.0,Neighbor median,545500.0
399950.0,Neighbor median,380750.0
500000.0,Neighbor median,528725.0
650100.0,Neighbor median,680000.0
835000.0,Neighbor median,924450.0
410000.0,Neighbor median,428000.0
539950.0,Neighbor median,494000.0
570000.0,Neighbor median,564000.0
778100.0,Neighbor median,483000.0
210000.0,Neighbor median,232275.0
499000.0,Neighbor median,529500.0
565000.0,Neighbor median,436975.0
310000.0,Neighbor median,506750.0
209000.0,Neighbor median,240000.0
215000.0,Neighbor median,242000.0
320000.0,Neighbor median,346750.0
462550.0,Neighbor median,502750.0
510000.0,Neighbor median,540000.0
1025000.0,Neighbor median,575000.0
320000.0,Neighbor median,402000.0
380500.0,Neighbor median,431250.0
1620500.0,Neighbor median,1257500.0
1415000.0,Neighbor median,586500.0
615000.0,Neighbor median,745000.0
276000.0,Neighbor median,451750.0
430000.0,Neighbor median,401500.0
279900.0,Neighbor median,230500.0
280000.0,Neighbor median,283475.0
380000.0,Neighbor median,537500.0
527000.0,Neighbor median,438500.0
480000.0,Neighbor median,387000.0
645500.0,Neighbor median,566250.0
395825.0,Neighbor median,617500.0
520000.0,Neighbor median,487500.0
550000.0,Neighbor median,305000.0
430000.0,Neighbor median,542500.0
496752.0,Neighbor median,648750.0
425000.0,Neighbor median,512475.0
505000.0,Neighbor median,481500.0
209000.0,Neighbor median,238250.0
465000.0,Neighbor median,452500.0
799900.0,Neighbor median,690000.0
318000.0,Neighbor median,239000.0
369990.0,Neighbor median,266250.0
323000.0,Neighbor median,269750.0
670000.0,Neighbor median,842450.0
733000.0,Neighbor median,580000.0
490500.0,Neighbor median,459975.0
805000.0,Neighbor median,547410.0
335000.0,Neighbor median,445125.0
577500.0,Neighbor median,433000.0
423000.0,Neighbor median,409999.5
550000.0,Neighbor median,426000.0
205000.0,Neighbor median,238500.0
1430000.0,Neighbor median,819002.5
220000.0,Neighbor median,291999.5
1003000.0,Neighbor median,615500.0
659000.0,Neighbor median,877500.0
1648000.0,Neighbor median,894500.0
445000.0,Neighbor median,400000.0
1490000.0,Neighbor median,1821000.0
460000.0,Neighbor median,479000.0
742500.0,Neighbor median,560500.0
309600.0,Neighbor median,502500.0
171000.0,Neighbor median,251500.0
338900.0,Neighbor median,295250.0
517100.0,Neighbor median,522475.0
383610.0,Neighbor median,348475.0
780500.0,Neighbor median,1155000.0
215000.0,Neighbor median,248500.0
580000.0,Neighbor median,618750.0
440000.0,Neighbor median,398750.0
560000.0,Neighbor median,528750.0
269500.0,Neighbor median,314975.0
451000.0,Neighbor median,564500.0
430000.0,Neighbor median,521500.0
263000.0,Neighbor median,257500.0
413450.0,Neighbor median,380500.0
183750.0,Neighbor median,302500.0
385000.0,Neighbor median,347000.0
325000.0,Neighbor median,320000.0
286000.0,Neighbor median,322500.0
234000.0,Neighbor median,255500.0
405000.0,Neighbor median,407500.0
203700.0,Neighbor median,460000.0
799000.0,Neighbor median,591250.0
330000.0,Neighbor median,220000.0
600000.0,Neighbor median,553500.0
230000.0,Neighbor median,207500.0
225000.0,Neighbor median,316225.0
160000.0,Neighbor median,426500.0
525000.0,Neighbor median,602500.0
575000.0,Neighbor median,422500.0
1350000.0,Neighbor median,1032500.0
595000.0,Neighbor median,523000.0
270000.0,Neighbor median,459250.0
652000.0,Neighbor median,670000.0
801501.0,Neighbor median,640000.0
374000.0,Neighbor median,308000.0
390000.0,Neighbor median,635000.0
425000.0,Neighbor median,511000.0
240000.0,Neighbor median,305975.0
310000.0,Neighbor median,390499.5
1100000.0,Neighbor median,830444.0
425000.0,Neighbor median,370000.0
470000.0,Neighbor median,400000.0
1780000.0,Neighbor median,996500.0
950000.0,Neighbor median,1175000.0
810000.0,Neighbor median,568250.0
430000.0,Neighbor median,462500.0
245000.0,Neighbor median,386475.0
490000.0,Neighbor median,510000.0
765000.0,Neighbor median,705000.0
346300.0,Neighbor median,314500.0
440000.0,Neighbor median,419250.0
445000.0,Neighbor median,591250.0
930000.0,Neighbor median,644000.0
595000.0,Neighbor median,715000.0
375000.0,Neighbor median,261000.0
510000.0,Neighbor median,543500.0
342500.0,Neighbor median,473500.0
1385000.0,Neighbor median,986580.0
711777.0,Neighbor median,486500.0
452000.0,Neighbor median,453000.0
549000.0,Neighbor median,565500.0
439000.0,Neighbor median,467750.0
1575000.0,Neighbor median,952450.0
858000.0,Neighbor median,285008.5
545000.0,Neighbor median,551000.0
358000.0,Neighbor median,300000.0
390000.0,Neighbor median,456000.0
812000.0,Neighbor median,679250.0
818000.0,Neighbor median,822800.0
765000.0,Neighbor median,438250.0
467000.0,Neighbor median,539050.0
690000.0,Neighbor median,559500.0
340000.0,Neighbor median,270250.0
337500.0,Neighbor median,377500.0
499990.0,Neighbor median,511250.0
405000.0,Neighbor median,388750.0
279900.0,Neighbor median,265000.0
213500.0,Neighbor median,221500.0
305000.0,Neighbor median,324000.0
562500.0,Neighbor median,496500.0
244900.0,Neighbor median,289000.0
1280600.0,Neighbor median,910000.0
411500.0,Neighbor median,497500.0
180000.0,Neighbor median,250975.0
339950.0,Neighbor median,330500.0
702000.0,Neighbor median,790250.0
894400.0,Neighbor median,637625.0
690000.0,Neighbor median,525000.0
317000.0,Neighbor median,295775.0
136500.0,Neighbor median,243000.0
865000.0,Neighbor median,1326200.0
822500.0,Neighbor median,825500.0
518000.0,Neighbor median,404000.0
353500.0,Neighbor median,321250.0
654000.0,Neighbor median,388499.5
430000.0,Neighbor median,602433.0
435000.0,Neighbor median,324750.0
500000.0,Neighbor median,431000.0
317000.0,Neighbor median,303650.0
607500.0,Neighbor median,489000.0
372500.0,Neighbor median,351975.0
310000.0,Neighbor median,261750.0
399950.0,Neighbor median,327500.0
354000.0,Neighbor median,317112.5
585000.0,Neighbor median,423750.0
563225.0,Neighbor median,792725.0
485000.0,Neighbor median,325000.0
550000.0,Neighbor median,328500.0
415000.0,Neighbor median,432500.0
212000.0,Neighbor median,249500.0
550000.0,Neighbor median,372475.0
265000.0,Neighbor median,192500.0
225000.0,Neighbor median,282000.0
2544750.0,Neighbor median,1585000.0
386500.0,Neighbor median,438750.0
545000.0,Neighbor median,561000.0
620000.0,Neighbor median,687500.0
330000.0,Neighbor median,261500.0
585000.0,Neighbor median,847500.0
811500.0,Neighbor median,600000.0
717550.0,Neighbor median,768750.0
663000.0,Neighbor median,534750.0
370000.0,Neighbor median,652750.0
880000.0,Neighbor median,927500.0
1600000.0,Neighbor median,1006250.0
380000.0,Neighbor median,374440.0
475000.0,Neighbor median,497475.0
165000.0,Neighbor median,318750.0
606500.0,Neighbor median,702500.0
206000.0,Neighbor median,261000.0
998000.0,Neighbor median,505000.0
769000.0,Neighbor median,560500.0
300000.0,Neighbor median,288500.0
620000.0,Neighbor median,564500.0
283500.0,Neighbor median,253550.0
725000.0,Neighbor median,655627.0
413900.0,Neighbor median,418000.0
732500.0,Neighbor median,600000.0
292000.0,Neighbor median,268500.0
565000.0,Neighbor median,554000.0
443600.0,Neighbor median,478000.0
550000.0,Neighbor median,436000.0
386000.0,Neighbor median,294725.0
631000.0,Neighbor median,508750.0
724000.0,Neighbor median,735000.0
425000.0,Neighbor median,429950.0
290000.0,Neighbor median,302725.0
504600.0,Neighbor median,520750.0
595000.0,Neighbor median,645000.0
511000.0,Neighbor median,490000.0
250000.0,Neighbor median,327475.0
384000.0,Neighbor median,433000.0
1285000.0,Neighbor median,829415.0
300000.0,Neighbor median,341500.0
357250.0,Neighbor median,399000.0
725000.0,Neighbor median,575000.0
130000.0,Neighbor median,292500.0
500000.0,Neighbor median,690000.0
490000.0,Neighbor median,420000.0
324950.0,Neighbor median,300500.0
780000.0,Neighbor median,982500.0
988500.0,Neighbor median,547410.0
4208000.0,Neighbor median,662500.0
805000.0,Neighbor median,595500.0
385000.0,Neighbor median,364250.0
420000.0,Neighbor median,375000.0
563500.0,Neighbor median,435000.0
462500.0,Neighbor median,487000.0
519000.0,Neighbor median,437500.0
175000.0,Neighbor median,297000.0
1875000.0,Neighbor median,881500.0
850000.0,Neighbor median,756500.0
602000.0,Neighbor median,825500.0
182700.0,Neighbor median,233750.0
520000.0,Neighbor median,467250.0
599000.0,Neighbor median,776000.0
258000.0,Neighbor median,319000.0
552321.0,Neighbor median,600000.0
500000.0,Neighbor median,549975.0
721500.0,Neighbor median,482000.0
280000.0,Neighbor median,324500.0
405000.0,Neighbor median,602500.0
645000.0,Neighbor median,755000.0
400000.0,Neighbor median,466500.0
1570000.0,Neighbor median,989640.0
608000.0,Neighbor median,630000.0
344000.0,Neighbor median,403000.0
107000.0,Neighbor median,275000.0
1440000.0,Neighbor median,803000.0
494900.0,Neighbor median,549975.0
419190.0,Neighbor median,617500.0
210000.0,Neighbor median,245000.0
465000.0,Neighbor median,472000.0
200000.0,Neighbor median,399000.0
480000.0,Neighbor median,580500.0
935000.0,Neighbor median,542500.0
305000.0,Neighbor median,221500.0
720000.0,Neighbor median,756250.0
197400.0,Neighbor median,237500.0
725000.0,Neighbor median,925000.0
460000.0,Neighbor median,439500.0
1095000.0,Neighbor median,652000.0
432000.0,Neighbor median,432500.0
643000.0,Neighbor median,685400.0
895000.0,Neighbor median,537500.0
260000.0,Neighbor median,260000.0
972000.0,Neighbor median,870000.0
437500.0,Neighbor median,705000.0
845000.0,Neighbor median,486500.0
280000.0,Neighbor median,232500.0
398500.0,Neighbor median,380000.0
535000.0,Neighbor median,429975.0
651000.0,Neighbor median,481500.0
695000.0,Neighbor median,575000.0
819000.0,Neighbor median,465000.0
555000.0,Neighbor median,397500.0
1112000.0,Neighbor median,740000.0
295000.0,Neighbor median,284000.0
530000.0,Neighbor median,542500.0
743000.0,Neighbor median,693000.0
273000.0,Neighbor median,247495.0
781000.0,Neighbor median,535000.0
325000.0,Neighbor median,305250.0
295000.0,Neighbor median,308292.5
228800.0,Neighbor median,257500.0
194000.0,Neighbor median,249000.0
605000.0,Neighbor median,557500.0
374500.0,Neighbor median,294725.0
600000.0,Neighbor median,672000.0
225000.0,Neighbor median,233250.0
383000.0,Neighbor median,438500.0
415000.0,Neighbor median,485000.0
467500.0,Neighbor median,345000.0
385000.0,Neighbor median,389000.0
235000.0,Neighbor median,264250.0
269900.0,Neighbor median,269000.0
375000.0,Neighbor median,242487.5
346000.0,Neighbor median,335750.0
840000.0,Neighbor median,574000.0
402000.0,Neighbor median,337500.0
398000.0,Neighbor median,269750.0
340000.0,Neighbor median,301000.0
387500.0,Neighbor median,524500.0
586000.0,Neighbor median,548250.0
672500.0,Neighbor median,589975.0
500000.0,Neighbor median,597250.0
538000.0,Neighbor median,398250.0
255000.0,Neighbor median,268750.0
417000.0,Neighbor median,330500.0
399900.0,Neighbor median,617500.0
265000.0,Neighbor median,342000.0
880000.0,Neighbor median,639975.0
237000.0,Neighbor median,302250.0
309000.0,Neighbor median,422925.0
359950.0,Neighbor median,358900.0
722800.0,Neighbor median,638750.0
489000.0,Neighbor median,504125.0
315000.0,Neighbor median,300000.0
485000.0,Neighbor median,441225.0
165000.0,Neighbor median,262125.0
700000.0,Neighbor median,793500.0
489950.0,Neighbor median,542000.0
1149000.0,Neighbor median,650000.0
570000.0,Neighbor median,502506.0
1375000.0,Neighbor median,650000.0
535000.0,Neighbor median,469500.0
481000.0,Neighbor median,575000.0
324800.0,Neighbor median,351500.0
405000.0,Neighbor median,459975.0
482500.0,Neighbor median,422600.0
323000.0,Neighbor median,329944.0
232000.0,Neighbor median,203475.0
704000.0,Neighbor median,516250.0
375000.0,Neighbor median,439500.0
381800.0,Neighbor median,331000.0
437000.0,Neighbor median,455975.0
590000.0,Neighbor median,510750.0
220000.0,Neighbor median,250000.0
283000.0,Neighbor median,240250.0
572500.0,Neighbor median,572500.0
435000.0,Neighbor median,299500.0
550000.0,Neighbor median,329245.0
410000.0,Neighbor median,402500.0
557500.0,Neighbor median,540500.0
630000.0,Neighbor median,515000.0
249950.0,Neighbor median,257500.0
740000.0,Neighbor median,420750.0
415000.0,Neighbor median,536350.0
291500.0,Neighbor median,347500.0
368000.0,Neighbor median,573750.0
1340000.0,Neighbor median,540500.0
562000.0,Neighbor median,623000.0
550000.0,Neighbor median,353900.0
151000.0,Neighbor median,347000.0
730000.0,Neighbor median,646500.0
241250.0,Neighbor median,293950.0
815000.0,Neighbor median,537500.0
447000.0,Neighbor median,580000.0
350000.0,Neighbor median,311000.0
559900.0,Neighbor median,445000.0
367000.0,Neighbor median,438000.0
392000.0,Neighbor median,290000.0
387500.0,Neighbor median,320000.0
326500.0,Neighbor median,380000.0
389000.0,Neighbor median,600000.0
435000.0,Neighbor median,388750.0
1255000.0,Neighbor median,1006250.0
1240420.0,Neighbor median,1290000.0
424000.0,Neighbor median,504850.0
414000.0,Neighbor median,345750.0
305000.0,Neighbor median,351000.0
898000.0,Neighbor median,791675.0
645000.0,Neighbor median,575000.0
470000.0,Neighbor median,527500.0
483500.0,Neighbor median,531625.0
595000.0,Neighbor median,353000.0
685100.0,Neighbor median,671750.0
355000.0,Neighbor median,297450.0
530000.0,Neighbor median,560000.0
842500.0,Neighbor median,975500.0
725000.0,Neighbor median,853000.0
515000.0,Neighbor median,499000.0
175000.0,Neighbor median,380000.0
300000.0,Neighbor median,385000.0
550000.0,Neighbor median,932500.0
225000.0,Neighbor median,231301.5
279000.0,Neighbor median,234000.0
435000.0,Neighbor median,456000.0
590000.0,Neighbor median,562500.0
330000.0,Neighbor median,344000.0
600000.0,Neighbor median,504000.0
710000.0,Neighbor median,788500.0
412000.0,Neighbor median,337500.0
247000.0,Neighbor median,245000.0
525000.0,Neighbor median,542500.0
1038000.0,Neighbor median,1095475.0
390000.0,Neighbor median,508500.0
760250.0,Neighbor median,932500.0
879000.0,Neighbor median,673000.0
267500.0,Neighbor median,249639.5
1450000.0,Neighbor median,577500.0
310000.0,Neighbor median,243000.0
825000.0,Neighbor median,497000.0
489950.0,Neighbor median,434500.0
419000.0,Neighbor median,626000.0
777700.0,Neighbor median,519000.0
345000.0,Neighbor median,287600.0
312200.0,Neighbor median,297131.0
460000.0,Neighbor median,405000.0
1250000.0,Neighbor median,838750.0
385000.0,Neighbor median,358975.0
360000.0,Neighbor median,334000.0
368000.0,Neighbor median,475500.0
445000.0,Neighbor median,628750.0
525000.0,Neighbor median,470000.0
460000.0,Neighbor median,500000.0
270000.0,Neighbor median,262250.0
208000.0,Neighbor median,219975.0
433200.0,Neighbor median,540000.0
315000.0,Neighbor median,346750.0
561000.0,Neighbor median,494117.0
402200.0,Neighbor median,402500.0
222900.0,Neighbor median,228500.0
415000.0,Neighbor median,382000.0
425000.0,Neighbor median,709500.0
196000.0,Neighbor median,265000.0
309000.0,Neighbor median,332500.0
421000.0,Neighbor median,560000.0
1034500.0,Neighbor median,896500.0
940000.0,Neighbor median,1015000.0
1705000.0,Neighbor median,590000.0
682000.0,Neighbor median,685400.0
325000.0,Neighbor median,388499.5
380000.0,Neighbor median,406000.0
358000.0,Neighbor median,517500.0
260000.0,Neighbor median,266750.0
350000.0,Neighbor median,374975.0
341500.0,Neighbor median,343075.0
1070000.0,Neighbor median,856000.0
340000.0,Neighbor median,393500.0
250000.0,Neighbor median,246250.0
367000.0,Neighbor median,275000.0
295700.0,Neighbor median,272000.0
269500.0,Neighbor median,328950.0
750000.0,Neighbor median,532475.0
250000.0,Neighbor median,219975.0
561000.0,Neighbor median,525450.0
144975.0,Neighbor median,240000.0
1234570.0,Neighbor median,644500.0
420000.0,Neighbor median,343475.0
600000.0,Neighbor median,540000.0
269950.0,Neighbor median,255000.0
301000.0,Neighbor median,301250.0
239950.0,Neighbor median,229999.5
521000.0,Neighbor median,441750.0
717000.0,Neighbor median,779665.0
445000.0,Neighbor median,348250.0
237500.0,Neighbor median,342000.0
645000.0,Neighbor median,638895.0
1350000.0,Neighbor median,532500.0
450000.0,Neighbor median,533500.0
639500.0,Neighbor median,656500.0
460000.0,Neighbor median,504625.0
397500.0,Neighbor median,408500.0
518000.0,Neighbor median,537500.0
439900.0,Neighbor median,347000.0
705640.0,Neighbor median,847500.0
699999.0,Neighbor median,522500.0
570000.0,Neighbor median,420000.0
232000.0,Neighbor median,327600.0
582800.0,Neighbor median,623900.0
299000.0,Neighbor median,327975.0
1085000.0,Neighbor median,593694.0
370000.0,Neighbor median,349450.0
449000.0,Neighbor median,313475.0
463000.0,Neighbor median,736000.0
576925.0,Neighbor median,485000.0
232900.0,Neighbor median,275500.0
270000.0,Neighbor median,311500.0
342000.0,Neighbor median,327000.0
675000.0,Neighbor median,548400.0
239950.0,Neighbor median,307500.0
508800.0,Neighbor median,545000.0
303000.0,Neighbor median,336745.0
258000.0,Neighbor median,298975.0
1898000.0,Neighbor median,781250.0
225000.0,Neighbor median,300000.0
808900.0,Neighbor median,769000.0
2500000.0,Neighbor median,1674000.0
625000.0,Neighbor median,502506.0
488000.0,Neighbor median,543250.0
1321500.0,Neighbor median,875000.0
365000.0,Neighbor median,305000.0
305000.0,Neighbor median,525000.0
750500.0,Neighbor median,723000.0
450000.0,Neighbor median,352500.0
555000.0,Neighbor median,516500.0
331000.0,Neighbor median,293500.0
425000.0,Neighbor median,307000.0
685000.0,Neighbor median,617500.0
630000.0,Neighbor median,635000.0
394475.0,Neighbor median,512625.0
265000.0,Neighbor median,228500.0
660000.0,Neighbor median,676000.0
206000.0,Neighbor median,290500.0
415000.0,Neighbor median,358100.0
554000.0,Neighbor median,417000.0
365000.0,Neighbor median,343075.0
450000.0,Neighbor median,249000.0
740000.0,Neighbor median,1305000.0
624000.0,Neighbor median,357500.0
418200.0,Neighbor median,430500.0
660000.0,Neighbor median,525500.0
215000.0,Neighbor median,310750.0
259950.0,Neighbor median,265300.0
921800.0,Neighbor median,590000.0
225000.0,Neighbor median,235000.0
480000.0,Neighbor median,525000.0
780000.0,Neighbor median,731000.0
734500.0,Neighbor median,761250.0
155000.0,Neighbor median,263500.0
330000.0,Neighbor median,329975.0
665000.0,Neighbor median,479226.5
295000.0,Neighbor median,347475.0
425000.0,Neighbor median,484500.0
122000.0,Neighbor median,204500.0
330000.0,Neighbor median,420000.0
460000.0,Neighbor median,528000.0
1060000.0,Neighbor median,943750.0
439950.0,Neighbor median,354000.0
188000.0,Neighbor median,221500.0
325000.0,Neighbor median,247500.0
287000.0,Neighbor median,291250.0
470000.0,Neighbor median,462000.0
190000.0,Neighbor median,270250.0
595000.0,Neighbor median,508500.0
900000.0,Neighbor median,803000.0
150000.0,Neighbor median,281250.0
559950.0,Neighbor median,355500.0
1115000.0,Neighbor median,1200000.0
740000.0,Neighbor median,684975.0
395000.0,Neighbor median,445650.0
1054690.0,Neighbor median,856500.0
280000.0,Neighbor median,287600.0
289950.0,Neighbor median,298950.0
744000.0,Neighbor median,547150.0
706000.0,Neighbor median,633000.0
725000.0,Neighbor median,477500.0
244000.0,Neighbor median,317000.0
915000.0,Neighbor median,886500.0
390000.0,Neighbor median,359000.0
559950.0,Neighbor median,374975.0
400000.0,Neighbor median,392500.0
695000.0,Neighbor median,487000.0
392000.0,Neighbor median,356000.0
320000.0,Neighbor median,348075.0
375000.0,Neighbor median,316000.0
225000.0,Neighbor median,320000.0
312500.0,Neighbor median,297000.0
500000.0,Neighbor median,592500.0
245000.0,Neighbor median,199975.0
275000.0,Neighbor median,470500.0
711000.0,Neighbor median,625000.0
383000.0,Neighbor median,387600.0
370000.0,Neighbor median,482000.0
690000.0,Neighbor median,600000.0
343566.0,Neighbor median,568750.0
417000.0,Neighbor median,540500.0
450000.0,Neighbor median,445500.0
900000.0,Neighbor median,541000.0
550000.0,Neighbor median,324975.0
730100.0,Neighbor median,552500.0
364000.0,Neighbor median,449972.5
235000.0,Neighbor median,210500.0
438000.0,Neighbor median,450000.0
441500.0,Neighbor median,429975.0
1050000.0,Neighbor median,640000.0
430000.0,Neighbor median,354500.0
805000.0,Neighbor median,536250.0
425000.0,Neighbor median,523000.0
450000.0,Neighbor median,308775.0
374950.0,Neighbor median,356000.0
1300000.0,Neighbor median,1485000.0
220000.0,Neighbor median,276500.0
275000.0,Neighbor median,403375.0
272000.0,Neighbor median,199975.0
328423.0,Neighbor median,235500.0
565000.0,Neighbor median,486250.0
437000.0,Neighbor median,413750.0
